Date_ymd,Interval,N_days_since_1901_01_01
1961-01-01,1901-01-01 UTC--1961-01-01 UTC,21915
1961-02-01,1901-01-01 UTC--1961-02-01 UTC,21946
1961-03-01,1901-01-01 UTC--1961-03-01 UTC,21974
1961-04-01,1901-01-01 UTC--1961-04-01 UTC,22005
1961-05-01,1901-01-01 UTC--1961-05-01 UTC,22035
1961-06-01,1901-01-01 UTC--1961-06-01 UTC,22066
1961-07-01,1901-01-01 UTC--1961-07-01 UTC,22096
1961-08-01,1901-01-01 UTC--1961-08-01 UTC,22127
1961-09-01,1901-01-01 UTC--1961-09-01 UTC,22158
1961-10-01,1901-01-01 UTC--1961-10-01 UTC,22188
1961-11-01,1901-01-01 UTC--1961-11-01 UTC,22219
1961-12-01,1901-01-01 UTC--1961-12-01 UTC,22249
1962-01-01,1901-01-01 UTC--1962-01-01 UTC,22280
1962-02-01,1901-01-01 UTC--1962-02-01 UTC,22311
1962-03-01,1901-01-01 UTC--1962-03-01 UTC,22339
1962-04-01,1901-01-01 UTC--1962-04-01 UTC,22370
1962-05-01,1901-01-01 UTC--1962-05-01 UTC,22400
1962-06-01,1901-01-01 UTC--1962-06-01 UTC,22431
1962-07-01,1901-01-01 UTC--1962-07-01 UTC,22461
1962-08-01,1901-01-01 UTC--1962-08-01 UTC,22492
1962-09-01,1901-01-01 UTC--1962-09-01 UTC,22523
1962-10-01,1901-01-01 UTC--1962-10-01 UTC,22553
1962-11-01,1901-01-01 UTC--1962-11-01 UTC,22584
1962-12-01,1901-01-01 UTC--1962-12-01 UTC,22614
1963-01-01,1901-01-01 UTC--1963-01-01 UTC,22645
1963-02-01,1901-01-01 UTC--1963-02-01 UTC,22676
1963-03-01,1901-01-01 UTC--1963-03-01 UTC,22704
1963-04-01,1901-01-01 UTC--1963-04-01 UTC,22735
1963-05-01,1901-01-01 UTC--1963-05-01 UTC,22765
1963-06-01,1901-01-01 UTC--1963-06-01 UTC,22796
1963-07-01,1901-01-01 UTC--1963-07-01 UTC,22826
1963-08-01,1901-01-01 UTC--1963-08-01 UTC,22857
1963-09-01,1901-01-01 UTC--1963-09-01 UTC,22888
1963-10-01,1901-01-01 UTC--1963-10-01 UTC,22918
1963-11-01,1901-01-01 UTC--1963-11-01 UTC,22949
1963-12-01,1901-01-01 UTC--1963-12-01 UTC,22979
1964-01-01,1901-01-01 UTC--1964-01-01 UTC,23010
1964-02-01,1901-01-01 UTC--1964-02-01 UTC,23041
1964-03-01,1901-01-01 UTC--1964-03-01 UTC,23070
1964-04-01,1901-01-01 UTC--1964-04-01 UTC,23101
1964-05-01,1901-01-01 UTC--1964-05-01 UTC,23131
1964-06-01,1901-01-01 UTC--1964-06-01 UTC,23162
1964-07-01,1901-01-01 UTC--1964-07-01 UTC,23192
1964-08-01,1901-01-01 UTC--1964-08-01 UTC,23223
1964-09-01,1901-01-01 UTC--1964-09-01 UTC,23254
1964-10-01,1901-01-01 UTC--1964-10-01 UTC,23284
1964-11-01,1901-01-01 UTC--1964-11-01 UTC,23315
1964-12-01,1901-01-01 UTC--1964-12-01 UTC,23345
1965-01-01,1901-01-01 UTC--1965-01-01 UTC,23376
1965-02-01,1901-01-01 UTC--1965-02-01 UTC,23407
1965-03-01,1901-01-01 UTC--1965-03-01 UTC,23435
1965-04-01,1901-01-01 UTC--1965-04-01 UTC,23466
1965-05-01,1901-01-01 UTC--1965-05-01 UTC,23496
1965-06-01,1901-01-01 UTC--1965-06-01 UTC,23527
1965-07-01,1901-01-01 UTC--1965-07-01 UTC,23557
1965-08-01,1901-01-01 UTC--1965-08-01 UTC,23588
1965-09-01,1901-01-01 UTC--1965-09-01 UTC,23619
1965-10-01,1901-01-01 UTC--1965-10-01 UTC,23649
1965-11-01,1901-01-01 UTC--1965-11-01 UTC,23680
1965-12-01,1901-01-01 UTC--1965-12-01 UTC,23710
1966-01-01,1901-01-01 UTC--1966-01-01 UTC,23741
1966-02-01,1901-01-01 UTC--1966-02-01 UTC,23772
1966-03-01,1901-01-01 UTC--1966-03-01 UTC,23800
1966-04-01,1901-01-01 UTC--1966-04-01 UTC,23831
1966-05-01,1901-01-01 UTC--1966-05-01 UTC,23861
1966-06-01,1901-01-01 UTC--1966-06-01 UTC,23892
1966-07-01,1901-01-01 UTC--1966-07-01 UTC,23922
1966-08-01,1901-01-01 UTC--1966-08-01 UTC,23953
1966-09-01,1901-01-01 UTC--1966-09-01 UTC,23984
1966-10-01,1901-01-01 UTC--1966-10-01 UTC,24014
1966-11-01,1901-01-01 UTC--1966-11-01 UTC,24045
1966-12-01,1901-01-01 UTC--1966-12-01 UTC,24075
1967-01-01,1901-01-01 UTC--1967-01-01 UTC,24106
1967-02-01,1901-01-01 UTC--1967-02-01 UTC,24137
1967-03-01,1901-01-01 UTC--1967-03-01 UTC,24165
1967-04-01,1901-01-01 UTC--1967-04-01 UTC,24196
1967-05-01,1901-01-01 UTC--1967-05-01 UTC,24226
1967-06-01,1901-01-01 UTC--1967-06-01 UTC,24257
1967-07-01,1901-01-01 UTC--1967-07-01 UTC,24287
1967-08-01,1901-01-01 UTC--1967-08-01 UTC,24318
1967-09-01,1901-01-01 UTC--1967-09-01 UTC,24349
1967-10-01,1901-01-01 UTC--1967-10-01 UTC,24379
1967-11-01,1901-01-01 UTC--1967-11-01 UTC,24410
1967-12-01,1901-01-01 UTC--1967-12-01 UTC,24440
1968-01-01,1901-01-01 UTC--1968-01-01 UTC,24471
1968-02-01,1901-01-01 UTC--1968-02-01 UTC,24502
1968-03-01,1901-01-01 UTC--1968-03-01 UTC,24531
1968-04-01,1901-01-01 UTC--1968-04-01 UTC,24562
1968-05-01,1901-01-01 UTC--1968-05-01 UTC,24592
1968-06-01,1901-01-01 UTC--1968-06-01 UTC,24623
1968-07-01,1901-01-01 UTC--1968-07-01 UTC,24653
1968-08-01,1901-01-01 UTC--1968-08-01 UTC,24684
1968-09-01,1901-01-01 UTC--1968-09-01 UTC,24715
1968-10-01,1901-01-01 UTC--1968-10-01 UTC,24745
1968-11-01,1901-01-01 UTC--1968-11-01 UTC,24776
1968-12-01,1901-01-01 UTC--1968-12-01 UTC,24806
1969-01-01,1901-01-01 UTC--1969-01-01 UTC,24837
1969-02-01,1901-01-01 UTC--1969-02-01 UTC,24868
1969-03-01,1901-01-01 UTC--1969-03-01 UTC,24896
1969-04-01,1901-01-01 UTC--1969-04-01 UTC,24927
1969-05-01,1901-01-01 UTC--1969-05-01 UTC,24957
1969-06-01,1901-01-01 UTC--1969-06-01 UTC,24988
1969-07-01,1901-01-01 UTC--1969-07-01 UTC,25018
1969-08-01,1901-01-01 UTC--1969-08-01 UTC,25049
1969-09-01,1901-01-01 UTC--1969-09-01 UTC,25080
1969-10-01,1901-01-01 UTC--1969-10-01 UTC,25110
1969-11-01,1901-01-01 UTC--1969-11-01 UTC,25141
1969-12-01,1901-01-01 UTC--1969-12-01 UTC,25171
1970-01-01,1901-01-01 UTC--1970-01-01 UTC,25202
1970-02-01,1901-01-01 UTC--1970-02-01 UTC,25233
1970-03-01,1901-01-01 UTC--1970-03-01 UTC,25261
1970-04-01,1901-01-01 UTC--1970-04-01 UTC,25292
1970-05-01,1901-01-01 UTC--1970-05-01 UTC,25322
1970-06-01,1901-01-01 UTC--1970-06-01 UTC,25353
1970-07-01,1901-01-01 UTC--1970-07-01 UTC,25383
1970-08-01,1901-01-01 UTC--1970-08-01 UTC,25414
1970-09-01,1901-01-01 UTC--1970-09-01 UTC,25445
1970-10-01,1901-01-01 UTC--1970-10-01 UTC,25475
1970-11-01,1901-01-01 UTC--1970-11-01 UTC,25506
1970-12-01,1901-01-01 UTC--1970-12-01 UTC,25536
1971-01-01,1901-01-01 UTC--1971-01-01 UTC,25567
1971-02-01,1901-01-01 UTC--1971-02-01 UTC,25598
1971-03-01,1901-01-01 UTC--1971-03-01 UTC,25626
1971-04-01,1901-01-01 UTC--1971-04-01 UTC,25657
1971-05-01,1901-01-01 UTC--1971-05-01 UTC,25687
1971-06-01,1901-01-01 UTC--1971-06-01 UTC,25718
1971-07-01,1901-01-01 UTC--1971-07-01 UTC,25748
1971-08-01,1901-01-01 UTC--1971-08-01 UTC,25779
1971-09-01,1901-01-01 UTC--1971-09-01 UTC,25810
1971-10-01,1901-01-01 UTC--1971-10-01 UTC,25840
1971-11-01,1901-01-01 UTC--1971-11-01 UTC,25871
1971-12-01,1901-01-01 UTC--1971-12-01 UTC,25901
1972-01-01,1901-01-01 UTC--1972-01-01 UTC,25932
1972-02-01,1901-01-01 UTC--1972-02-01 UTC,25963
1972-03-01,1901-01-01 UTC--1972-03-01 UTC,25992
1972-04-01,1901-01-01 UTC--1972-04-01 UTC,26023
1972-05-01,1901-01-01 UTC--1972-05-01 UTC,26053
1972-06-01,1901-01-01 UTC--1972-06-01 UTC,26084
1972-07-01,1901-01-01 UTC--1972-07-01 UTC,26114
1972-08-01,1901-01-01 UTC--1972-08-01 UTC,26145
1972-09-01,1901-01-01 UTC--1972-09-01 UTC,26176
1972-10-01,1901-01-01 UTC--1972-10-01 UTC,26206
1972-11-01,1901-01-01 UTC--1972-11-01 UTC,26237
1972-12-01,1901-01-01 UTC--1972-12-01 UTC,26267
1973-01-01,1901-01-01 UTC--1973-01-01 UTC,26298
1973-02-01,1901-01-01 UTC--1973-02-01 UTC,26329
1973-03-01,1901-01-01 UTC--1973-03-01 UTC,26357
1973-04-01,1901-01-01 UTC--1973-04-01 UTC,26388
1973-05-01,1901-01-01 UTC--1973-05-01 UTC,26418
1973-06-01,1901-01-01 UTC--1973-06-01 UTC,26449
1973-07-01,1901-01-01 UTC--1973-07-01 UTC,26479
1973-08-01,1901-01-01 UTC--1973-08-01 UTC,26510
1973-09-01,1901-01-01 UTC--1973-09-01 UTC,26541
1973-10-01,1901-01-01 UTC--1973-10-01 UTC,26571
1973-11-01,1901-01-01 UTC--1973-11-01 UTC,26602
1973-12-01,1901-01-01 UTC--1973-12-01 UTC,26632
1974-01-01,1901-01-01 UTC--1974-01-01 UTC,26663
1974-02-01,1901-01-01 UTC--1974-02-01 UTC,26694
1974-03-01,1901-01-01 UTC--1974-03-01 UTC,26722
1974-04-01,1901-01-01 UTC--1974-04-01 UTC,26753
1974-05-01,1901-01-01 UTC--1974-05-01 UTC,26783
1974-06-01,1901-01-01 UTC--1974-06-01 UTC,26814
1974-07-01,1901-01-01 UTC--1974-07-01 UTC,26844
1974-08-01,1901-01-01 UTC--1974-08-01 UTC,26875
1974-09-01,1901-01-01 UTC--1974-09-01 UTC,26906
1974-10-01,1901-01-01 UTC--1974-10-01 UTC,26936
1974-11-01,1901-01-01 UTC--1974-11-01 UTC,26967
1974-12-01,1901-01-01 UTC--1974-12-01 UTC,26997
1975-01-01,1901-01-01 UTC--1975-01-01 UTC,27028
1975-02-01,1901-01-01 UTC--1975-02-01 UTC,27059
1975-03-01,1901-01-01 UTC--1975-03-01 UTC,27087
1975-04-01,1901-01-01 UTC--1975-04-01 UTC,27118
1975-05-01,1901-01-01 UTC--1975-05-01 UTC,27148
1975-06-01,1901-01-01 UTC--1975-06-01 UTC,27179
1975-07-01,1901-01-01 UTC--1975-07-01 UTC,27209
1975-08-01,1901-01-01 UTC--1975-08-01 UTC,27240
1975-09-01,1901-01-01 UTC--1975-09-01 UTC,27271
1975-10-01,1901-01-01 UTC--1975-10-01 UTC,27301
1975-11-01,1901-01-01 UTC--1975-11-01 UTC,27332
1975-12-01,1901-01-01 UTC--1975-12-01 UTC,27362
1976-01-01,1901-01-01 UTC--1976-01-01 UTC,27393
1976-02-01,1901-01-01 UTC--1976-02-01 UTC,27424
1976-03-01,1901-01-01 UTC--1976-03-01 UTC,27453
1976-04-01,1901-01-01 UTC--1976-04-01 UTC,27484
1976-05-01,1901-01-01 UTC--1976-05-01 UTC,27514
1976-06-01,1901-01-01 UTC--1976-06-01 UTC,27545
1976-07-01,1901-01-01 UTC--1976-07-01 UTC,27575
1976-08-01,1901-01-01 UTC--1976-08-01 UTC,27606
1976-09-01,1901-01-01 UTC--1976-09-01 UTC,27637
1976-10-01,1901-01-01 UTC--1976-10-01 UTC,27667
1976-11-01,1901-01-01 UTC--1976-11-01 UTC,27698
1976-12-01,1901-01-01 UTC--1976-12-01 UTC,27728
1977-01-01,1901-01-01 UTC--1977-01-01 UTC,27759
1977-02-01,1901-01-01 UTC--1977-02-01 UTC,27790
1977-03-01,1901-01-01 UTC--1977-03-01 UTC,27818
1977-04-01,1901-01-01 UTC--1977-04-01 UTC,27849
1977-05-01,1901-01-01 UTC--1977-05-01 UTC,27879
1977-06-01,1901-01-01 UTC--1977-06-01 UTC,27910
1977-07-01,1901-01-01 UTC--1977-07-01 UTC,27940
1977-08-01,1901-01-01 UTC--1977-08-01 UTC,27971
1977-09-01,1901-01-01 UTC--1977-09-01 UTC,28002
1977-10-01,1901-01-01 UTC--1977-10-01 UTC,28032
1977-11-01,1901-01-01 UTC--1977-11-01 UTC,28063
1977-12-01,1901-01-01 UTC--1977-12-01 UTC,28093
1978-01-01,1901-01-01 UTC--1978-01-01 UTC,28124
1978-02-01,1901-01-01 UTC--1978-02-01 UTC,28155
1978-03-01,1901-01-01 UTC--1978-03-01 UTC,28183
1978-04-01,1901-01-01 UTC--1978-04-01 UTC,28214
1978-05-01,1901-01-01 UTC--1978-05-01 UTC,28244
1978-06-01,1901-01-01 UTC--1978-06-01 UTC,28275
1978-07-01,1901-01-01 UTC--1978-07-01 UTC,28305
1978-08-01,1901-01-01 UTC--1978-08-01 UTC,28336
1978-09-01,1901-01-01 UTC--1978-09-01 UTC,28367
1978-10-01,1901-01-01 UTC--1978-10-01 UTC,28397
1978-11-01,1901-01-01 UTC--1978-11-01 UTC,28428
1978-12-01,1901-01-01 UTC--1978-12-01 UTC,28458
1979-01-01,1901-01-01 UTC--1979-01-01 UTC,28489
1979-02-01,1901-01-01 UTC--1979-02-01 UTC,28520
1979-03-01,1901-01-01 UTC--1979-03-01 UTC,28548
1979-04-01,1901-01-01 UTC--1979-04-01 UTC,28579
1979-05-01,1901-01-01 UTC--1979-05-01 UTC,28609
1979-06-01,1901-01-01 UTC--1979-06-01 UTC,28640
1979-07-01,1901-01-01 UTC--1979-07-01 UTC,28670
1979-08-01,1901-01-01 UTC--1979-08-01 UTC,28701
1979-09-01,1901-01-01 UTC--1979-09-01 UTC,28732
1979-10-01,1901-01-01 UTC--1979-10-01 UTC,28762
1979-11-01,1901-01-01 UTC--1979-11-01 UTC,28793
1979-12-01,1901-01-01 UTC--1979-12-01 UTC,28823
1980-01-01,1901-01-01 UTC--1980-01-01 UTC,28854
1980-02-01,1901-01-01 UTC--1980-02-01 UTC,28885
1980-03-01,1901-01-01 UTC--1980-03-01 UTC,28914
1980-04-01,1901-01-01 UTC--1980-04-01 UTC,28945
1980-05-01,1901-01-01 UTC--1980-05-01 UTC,28975
1980-06-01,1901-01-01 UTC--1980-06-01 UTC,29006
1980-07-01,1901-01-01 UTC--1980-07-01 UTC,29036
1980-08-01,1901-01-01 UTC--1980-08-01 UTC,29067
1980-09-01,1901-01-01 UTC--1980-09-01 UTC,29098
1980-10-01,1901-01-01 UTC--1980-10-01 UTC,29128
1980-11-01,1901-01-01 UTC--1980-11-01 UTC,29159
1980-12-01,1901-01-01 UTC--1980-12-01 UTC,29189
1981-01-01,1901-01-01 UTC--1981-01-01 UTC,29220
1981-02-01,1901-01-01 UTC--1981-02-01 UTC,29251
1981-03-01,1901-01-01 UTC--1981-03-01 UTC,29279
1981-04-01,1901-01-01 UTC--1981-04-01 UTC,29310
1981-05-01,1901-01-01 UTC--1981-05-01 UTC,29340
1981-06-01,1901-01-01 UTC--1981-06-01 UTC,29371
1981-07-01,1901-01-01 UTC--1981-07-01 UTC,29401
1981-08-01,1901-01-01 UTC--1981-08-01 UTC,29432
1981-09-01,1901-01-01 UTC--1981-09-01 UTC,29463
1981-10-01,1901-01-01 UTC--1981-10-01 UTC,29493
1981-11-01,1901-01-01 UTC--1981-11-01 UTC,29524
1981-12-01,1901-01-01 UTC--1981-12-01 UTC,29554
1982-01-01,1901-01-01 UTC--1982-01-01 UTC,29585
1982-02-01,1901-01-01 UTC--1982-02-01 UTC,29616
1982-03-01,1901-01-01 UTC--1982-03-01 UTC,29644
1982-04-01,1901-01-01 UTC--1982-04-01 UTC,29675
1982-05-01,1901-01-01 UTC--1982-05-01 UTC,29705
1982-06-01,1901-01-01 UTC--1982-06-01 UTC,29736
1982-07-01,1901-01-01 UTC--1982-07-01 UTC,29766
1982-08-01,1901-01-01 UTC--1982-08-01 UTC,29797
1982-09-01,1901-01-01 UTC--1982-09-01 UTC,29828
1982-10-01,1901-01-01 UTC--1982-10-01 UTC,29858
1982-11-01,1901-01-01 UTC--1982-11-01 UTC,29889
1982-12-01,1901-01-01 UTC--1982-12-01 UTC,29919
1983-01-01,1901-01-01 UTC--1983-01-01 UTC,29950
1983-02-01,1901-01-01 UTC--1983-02-01 UTC,29981
1983-03-01,1901-01-01 UTC--1983-03-01 UTC,30009
1983-04-01,1901-01-01 UTC--1983-04-01 UTC,30040
1983-05-01,1901-01-01 UTC--1983-05-01 UTC,30070
1983-06-01,1901-01-01 UTC--1983-06-01 UTC,30101
1983-07-01,1901-01-01 UTC--1983-07-01 UTC,30131
1983-08-01,1901-01-01 UTC--1983-08-01 UTC,30162
1983-09-01,1901-01-01 UTC--1983-09-01 UTC,30193
1983-10-01,1901-01-01 UTC--1983-10-01 UTC,30223
1983-11-01,1901-01-01 UTC--1983-11-01 UTC,30254
1983-12-01,1901-01-01 UTC--1983-12-01 UTC,30284
1984-01-01,1901-01-01 UTC--1984-01-01 UTC,30315
1984-02-01,1901-01-01 UTC--1984-02-01 UTC,30346
1984-03-01,1901-01-01 UTC--1984-03-01 UTC,30375
1984-04-01,1901-01-01 UTC--1984-04-01 UTC,30406
1984-05-01,1901-01-01 UTC--1984-05-01 UTC,30436
1984-06-01,1901-01-01 UTC--1984-06-01 UTC,30467
1984-07-01,1901-01-01 UTC--1984-07-01 UTC,30497
1984-08-01,1901-01-01 UTC--1984-08-01 UTC,30528
1984-09-01,1901-01-01 UTC--1984-09-01 UTC,30559
1984-10-01,1901-01-01 UTC--1984-10-01 UTC,30589
1984-11-01,1901-01-01 UTC--1984-11-01 UTC,30620
1984-12-01,1901-01-01 UTC--1984-12-01 UTC,30650
1985-01-01,1901-01-01 UTC--1985-01-01 UTC,30681
1985-02-01,1901-01-01 UTC--1985-02-01 UTC,30712
1985-03-01,1901-01-01 UTC--1985-03-01 UTC,30740
1985-04-01,1901-01-01 UTC--1985-04-01 UTC,30771
1985-05-01,1901-01-01 UTC--1985-05-01 UTC,30801
1985-06-01,1901-01-01 UTC--1985-06-01 UTC,30832
1985-07-01,1901-01-01 UTC--1985-07-01 UTC,30862
1985-08-01,1901-01-01 UTC--1985-08-01 UTC,30893
1985-09-01,1901-01-01 UTC--1985-09-01 UTC,30924
1985-10-01,1901-01-01 UTC--1985-10-01 UTC,30954
1985-11-01,1901-01-01 UTC--1985-11-01 UTC,30985
1985-12-01,1901-01-01 UTC--1985-12-01 UTC,31015
1986-01-01,1901-01-01 UTC--1986-01-01 UTC,31046
1986-02-01,1901-01-01 UTC--1986-02-01 UTC,31077
1986-03-01,1901-01-01 UTC--1986-03-01 UTC,31105
1986-04-01,1901-01-01 UTC--1986-04-01 UTC,31136
1986-05-01,1901-01-01 UTC--1986-05-01 UTC,31166
1986-06-01,1901-01-01 UTC--1986-06-01 UTC,31197
1986-07-01,1901-01-01 UTC--1986-07-01 UTC,31227
1986-08-01,1901-01-01 UTC--1986-08-01 UTC,31258
1986-09-01,1901-01-01 UTC--1986-09-01 UTC,31289
1986-10-01,1901-01-01 UTC--1986-10-01 UTC,31319
1986-11-01,1901-01-01 UTC--1986-11-01 UTC,31350
1986-12-01,1901-01-01 UTC--1986-12-01 UTC,31380
1987-01-01,1901-01-01 UTC--1987-01-01 UTC,31411
1987-02-01,1901-01-01 UTC--1987-02-01 UTC,31442
1987-03-01,1901-01-01 UTC--1987-03-01 UTC,31470
1987-04-01,1901-01-01 UTC--1987-04-01 UTC,31501
1987-05-01,1901-01-01 UTC--1987-05-01 UTC,31531
1987-06-01,1901-01-01 UTC--1987-06-01 UTC,31562
1987-07-01,1901-01-01 UTC--1987-07-01 UTC,31592
1987-08-01,1901-01-01 UTC--1987-08-01 UTC,31623
1987-09-01,1901-01-01 UTC--1987-09-01 UTC,31654
1987-10-01,1901-01-01 UTC--1987-10-01 UTC,31684
1987-11-01,1901-01-01 UTC--1987-11-01 UTC,31715
1987-12-01,1901-01-01 UTC--1987-12-01 UTC,31745
1988-01-01,1901-01-01 UTC--1988-01-01 UTC,31776
1988-02-01,1901-01-01 UTC--1988-02-01 UTC,31807
1988-03-01,1901-01-01 UTC--1988-03-01 UTC,31836
1988-04-01,1901-01-01 UTC--1988-04-01 UTC,31867
1988-05-01,1901-01-01 UTC--1988-05-01 UTC,31897
1988-06-01,1901-01-01 UTC--1988-06-01 UTC,31928
1988-07-01,1901-01-01 UTC--1988-07-01 UTC,31958
1988-08-01,1901-01-01 UTC--1988-08-01 UTC,31989
1988-09-01,1901-01-01 UTC--1988-09-01 UTC,32020
1988-10-01,1901-01-01 UTC--1988-10-01 UTC,32050
1988-11-01,1901-01-01 UTC--1988-11-01 UTC,32081
1988-12-01,1901-01-01 UTC--1988-12-01 UTC,32111
1989-01-01,1901-01-01 UTC--1989-01-01 UTC,32142
1989-02-01,1901-01-01 UTC--1989-02-01 UTC,32173
1989-03-01,1901-01-01 UTC--1989-03-01 UTC,32201
1989-04-01,1901-01-01 UTC--1989-04-01 UTC,32232
1989-05-01,1901-01-01 UTC--1989-05-01 UTC,32262
1989-06-01,1901-01-01 UTC--1989-06-01 UTC,32293
1989-07-01,1901-01-01 UTC--1989-07-01 UTC,32323
1989-08-01,1901-01-01 UTC--1989-08-01 UTC,32354
1989-09-01,1901-01-01 UTC--1989-09-01 UTC,32385
1989-10-01,1901-01-01 UTC--1989-10-01 UTC,32415
1989-11-01,1901-01-01 UTC--1989-11-01 UTC,32446
1989-12-01,1901-01-01 UTC--1989-12-01 UTC,32476
1990-01-01,1901-01-01 UTC--1990-01-01 UTC,32507
1990-02-01,1901-01-01 UTC--1990-02-01 UTC,32538
1990-03-01,1901-01-01 UTC--1990-03-01 UTC,32566
1990-04-01,1901-01-01 UTC--1990-04-01 UTC,32597
1990-05-01,1901-01-01 UTC--1990-05-01 UTC,32627
1990-06-01,1901-01-01 UTC--1990-06-01 UTC,32658
1990-07-01,1901-01-01 UTC--1990-07-01 UTC,32688
1990-08-01,1901-01-01 UTC--1990-08-01 UTC,32719
1990-09-01,1901-01-01 UTC--1990-09-01 UTC,32750
1990-10-01,1901-01-01 UTC--1990-10-01 UTC,32780
1990-11-01,1901-01-01 UTC--1990-11-01 UTC,32811
1990-12-01,1901-01-01 UTC--1990-12-01 UTC,32841
1991-01-01,1901-01-01 UTC--1991-01-01 UTC,32872
1991-02-01,1901-01-01 UTC--1991-02-01 UTC,32903
1991-03-01,1901-01-01 UTC--1991-03-01 UTC,32931
1991-04-01,1901-01-01 UTC--1991-04-01 UTC,32962
1991-05-01,1901-01-01 UTC--1991-05-01 UTC,32992
1991-06-01,1901-01-01 UTC--1991-06-01 UTC,33023
1991-07-01,1901-01-01 UTC--1991-07-01 UTC,33053
1991-08-01,1901-01-01 UTC--1991-08-01 UTC,33084
1991-09-01,1901-01-01 UTC--1991-09-01 UTC,33115
1991-10-01,1901-01-01 UTC--1991-10-01 UTC,33145
1991-11-01,1901-01-01 UTC--1991-11-01 UTC,33176
1991-12-01,1901-01-01 UTC--1991-12-01 UTC,33206
1992-01-01,1901-01-01 UTC--1992-01-01 UTC,33237
1992-02-01,1901-01-01 UTC--1992-02-01 UTC,33268
1992-03-01,1901-01-01 UTC--1992-03-01 UTC,33297
1992-04-01,1901-01-01 UTC--1992-04-01 UTC,33328
1992-05-01,1901-01-01 UTC--1992-05-01 UTC,33358
1992-06-01,1901-01-01 UTC--1992-06-01 UTC,33389
1992-07-01,1901-01-01 UTC--1992-07-01 UTC,33419
1992-08-01,1901-01-01 UTC--1992-08-01 UTC,33450
1992-09-01,1901-01-01 UTC--1992-09-01 UTC,33481
1992-10-01,1901-01-01 UTC--1992-10-01 UTC,33511
1992-11-01,1901-01-01 UTC--1992-11-01 UTC,33542
1992-12-01,1901-01-01 UTC--1992-12-01 UTC,33572
1993-01-01,1901-01-01 UTC--1993-01-01 UTC,33603
1993-02-01,1901-01-01 UTC--1993-02-01 UTC,33634
1993-03-01,1901-01-01 UTC--1993-03-01 UTC,33662
1993-04-01,1901-01-01 UTC--1993-04-01 UTC,33693
1993-05-01,1901-01-01 UTC--1993-05-01 UTC,33723
1993-06-01,1901-01-01 UTC--1993-06-01 UTC,33754
1993-07-01,1901-01-01 UTC--1993-07-01 UTC,33784
1993-08-01,1901-01-01 UTC--1993-08-01 UTC,33815
1993-09-01,1901-01-01 UTC--1993-09-01 UTC,33846
1993-10-01,1901-01-01 UTC--1993-10-01 UTC,33876
1993-11-01,1901-01-01 UTC--1993-11-01 UTC,33907
1993-12-01,1901-01-01 UTC--1993-12-01 UTC,33937
1994-01-01,1901-01-01 UTC--1994-01-01 UTC,33968
1994-02-01,1901-01-01 UTC--1994-02-01 UTC,33999
1994-03-01,1901-01-01 UTC--1994-03-01 UTC,34027
1994-04-01,1901-01-01 UTC--1994-04-01 UTC,34058
1994-05-01,1901-01-01 UTC--1994-05-01 UTC,34088
1994-06-01,1901-01-01 UTC--1994-06-01 UTC,34119
1994-07-01,1901-01-01 UTC--1994-07-01 UTC,34149
1994-08-01,1901-01-01 UTC--1994-08-01 UTC,34180
1994-09-01,1901-01-01 UTC--1994-09-01 UTC,34211
1994-10-01,1901-01-01 UTC--1994-10-01 UTC,34241
1994-11-01,1901-01-01 UTC--1994-11-01 UTC,34272
1994-12-01,1901-01-01 UTC--1994-12-01 UTC,34302
1995-01-01,1901-01-01 UTC--1995-01-01 UTC,34333
1995-02-01,1901-01-01 UTC--1995-02-01 UTC,34364
1995-03-01,1901-01-01 UTC--1995-03-01 UTC,34392
1995-04-01,1901-01-01 UTC--1995-04-01 UTC,34423
1995-05-01,1901-01-01 UTC--1995-05-01 UTC,34453
1995-06-01,1901-01-01 UTC--1995-06-01 UTC,34484
1995-07-01,1901-01-01 UTC--1995-07-01 UTC,34514
1995-08-01,1901-01-01 UTC--1995-08-01 UTC,34545
1995-09-01,1901-01-01 UTC--1995-09-01 UTC,34576
1995-10-01,1901-01-01 UTC--1995-10-01 UTC,34606
1995-11-01,1901-01-01 UTC--1995-11-01 UTC,34637
1995-12-01,1901-01-01 UTC--1995-12-01 UTC,34667
1996-01-01,1901-01-01 UTC--1996-01-01 UTC,34698
1996-02-01,1901-01-01 UTC--1996-02-01 UTC,34729
1996-03-01,1901-01-01 UTC--1996-03-01 UTC,34758
1996-04-01,1901-01-01 UTC--1996-04-01 UTC,34789
1996-05-01,1901-01-01 UTC--1996-05-01 UTC,34819
1996-06-01,1901-01-01 UTC--1996-06-01 UTC,34850
1996-07-01,1901-01-01 UTC--1996-07-01 UTC,34880
1996-08-01,1901-01-01 UTC--1996-08-01 UTC,34911
1996-09-01,1901-01-01 UTC--1996-09-01 UTC,34942
1996-10-01,1901-01-01 UTC--1996-10-01 UTC,34972
1996-11-01,1901-01-01 UTC--1996-11-01 UTC,35003
1996-12-01,1901-01-01 UTC--1996-12-01 UTC,35033
1997-01-01,1901-01-01 UTC--1997-01-01 UTC,35064
1997-02-01,1901-01-01 UTC--1997-02-01 UTC,35095
1997-03-01,1901-01-01 UTC--1997-03-01 UTC,35123
1997-04-01,1901-01-01 UTC--1997-04-01 UTC,35154
1997-05-01,1901-01-01 UTC--1997-05-01 UTC,35184
1997-06-01,1901-01-01 UTC--1997-06-01 UTC,35215
1997-07-01,1901-01-01 UTC--1997-07-01 UTC,35245
1997-08-01,1901-01-01 UTC--1997-08-01 UTC,35276
1997-09-01,1901-01-01 UTC--1997-09-01 UTC,35307
1997-10-01,1901-01-01 UTC--1997-10-01 UTC,35337
1997-11-01,1901-01-01 UTC--1997-11-01 UTC,35368
1997-12-01,1901-01-01 UTC--1997-12-01 UTC,35398
1998-01-01,1901-01-01 UTC--1998-01-01 UTC,35429
1998-02-01,1901-01-01 UTC--1998-02-01 UTC,35460
1998-03-01,1901-01-01 UTC--1998-03-01 UTC,35488
1998-04-01,1901-01-01 UTC--1998-04-01 UTC,35519
1998-05-01,1901-01-01 UTC--1998-05-01 UTC,35549
1998-06-01,1901-01-01 UTC--1998-06-01 UTC,35580
1998-07-01,1901-01-01 UTC--1998-07-01 UTC,35610
1998-08-01,1901-01-01 UTC--1998-08-01 UTC,35641
1998-09-01,1901-01-01 UTC--1998-09-01 UTC,35672
1998-10-01,1901-01-01 UTC--1998-10-01 UTC,35702
1998-11-01,1901-01-01 UTC--1998-11-01 UTC,35733
1998-12-01,1901-01-01 UTC--1998-12-01 UTC,35763
1999-01-01,1901-01-01 UTC--1999-01-01 UTC,35794
1999-02-01,1901-01-01 UTC--1999-02-01 UTC,35825
1999-03-01,1901-01-01 UTC--1999-03-01 UTC,35853
1999-04-01,1901-01-01 UTC--1999-04-01 UTC,35884
1999-05-01,1901-01-01 UTC--1999-05-01 UTC,35914
1999-06-01,1901-01-01 UTC--1999-06-01 UTC,35945
1999-07-01,1901-01-01 UTC--1999-07-01 UTC,35975
1999-08-01,1901-01-01 UTC--1999-08-01 UTC,36006
1999-09-01,1901-01-01 UTC--1999-09-01 UTC,36037
1999-10-01,1901-01-01 UTC--1999-10-01 UTC,36067
1999-11-01,1901-01-01 UTC--1999-11-01 UTC,36098
1999-12-01,1901-01-01 UTC--1999-12-01 UTC,36128
2000-01-01,1901-01-01 UTC--2000-01-01 UTC,36159
2000-02-01,1901-01-01 UTC--2000-02-01 UTC,36190
2000-03-01,1901-01-01 UTC--2000-03-01 UTC,36219
2000-04-01,1901-01-01 UTC--2000-04-01 UTC,36250
2000-05-01,1901-01-01 UTC--2000-05-01 UTC,36280
2000-06-01,1901-01-01 UTC--2000-06-01 UTC,36311
2000-07-01,1901-01-01 UTC--2000-07-01 UTC,36341
2000-08-01,1901-01-01 UTC--2000-08-01 UTC,36372
2000-09-01,1901-01-01 UTC--2000-09-01 UTC,36403
2000-10-01,1901-01-01 UTC--2000-10-01 UTC,36433
2000-11-01,1901-01-01 UTC--2000-11-01 UTC,36464
2000-12-01,1901-01-01 UTC--2000-12-01 UTC,36494
2001-01-01,1901-01-01 UTC--2001-01-01 UTC,36525
2001-02-01,1901-01-01 UTC--2001-02-01 UTC,36556
2001-03-01,1901-01-01 UTC--2001-03-01 UTC,36584
2001-04-01,1901-01-01 UTC--2001-04-01 UTC,36615
2001-05-01,1901-01-01 UTC--2001-05-01 UTC,36645
2001-06-01,1901-01-01 UTC--2001-06-01 UTC,36676
2001-07-01,1901-01-01 UTC--2001-07-01 UTC,36706
2001-08-01,1901-01-01 UTC--2001-08-01 UTC,36737
2001-09-01,1901-01-01 UTC--2001-09-01 UTC,36768
2001-10-01,1901-01-01 UTC--2001-10-01 UTC,36798
2001-11-01,1901-01-01 UTC--2001-11-01 UTC,36829
2001-12-01,1901-01-01 UTC--2001-12-01 UTC,36859
2002-01-01,1901-01-01 UTC--2002-01-01 UTC,36890
2002-02-01,1901-01-01 UTC--2002-02-01 UTC,36921
2002-03-01,1901-01-01 UTC--2002-03-01 UTC,36949
2002-04-01,1901-01-01 UTC--2002-04-01 UTC,36980
2002-05-01,1901-01-01 UTC--2002-05-01 UTC,37010
2002-06-01,1901-01-01 UTC--2002-06-01 UTC,37041
2002-07-01,1901-01-01 UTC--2002-07-01 UTC,37071
2002-08-01,1901-01-01 UTC--2002-08-01 UTC,37102
2002-09-01,1901-01-01 UTC--2002-09-01 UTC,37133
2002-10-01,1901-01-01 UTC--2002-10-01 UTC,37163
2002-11-01,1901-01-01 UTC--2002-11-01 UTC,37194
2002-12-01,1901-01-01 UTC--2002-12-01 UTC,37224
2003-01-01,1901-01-01 UTC--2003-01-01 UTC,37255
2003-02-01,1901-01-01 UTC--2003-02-01 UTC,37286
2003-03-01,1901-01-01 UTC--2003-03-01 UTC,37314
2003-04-01,1901-01-01 UTC--2003-04-01 UTC,37345
2003-05-01,1901-01-01 UTC--2003-05-01 UTC,37375
2003-06-01,1901-01-01 UTC--2003-06-01 UTC,37406
2003-07-01,1901-01-01 UTC--2003-07-01 UTC,37436
2003-08-01,1901-01-01 UTC--2003-08-01 UTC,37467
2003-09-01,1901-01-01 UTC--2003-09-01 UTC,37498
2003-10-01,1901-01-01 UTC--2003-10-01 UTC,37528
2003-11-01,1901-01-01 UTC--2003-11-01 UTC,37559
2003-12-01,1901-01-01 UTC--2003-12-01 UTC,37589
2004-01-01,1901-01-01 UTC--2004-01-01 UTC,37620
2004-02-01,1901-01-01 UTC--2004-02-01 UTC,37651
2004-03-01,1901-01-01 UTC--2004-03-01 UTC,37680
2004-04-01,1901-01-01 UTC--2004-04-01 UTC,37711
2004-05-01,1901-01-01 UTC--2004-05-01 UTC,37741
2004-06-01,1901-01-01 UTC--2004-06-01 UTC,37772
2004-07-01,1901-01-01 UTC--2004-07-01 UTC,37802
2004-08-01,1901-01-01 UTC--2004-08-01 UTC,37833
2004-09-01,1901-01-01 UTC--2004-09-01 UTC,37864
2004-10-01,1901-01-01 UTC--2004-10-01 UTC,37894
2004-11-01,1901-01-01 UTC--2004-11-01 UTC,37925
2004-12-01,1901-01-01 UTC--2004-12-01 UTC,37955
2005-01-01,1901-01-01 UTC--2005-01-01 UTC,37986
2005-02-01,1901-01-01 UTC--2005-02-01 UTC,38017
2005-03-01,1901-01-01 UTC--2005-03-01 UTC,38045
2005-04-01,1901-01-01 UTC--2005-04-01 UTC,38076
2005-05-01,1901-01-01 UTC--2005-05-01 UTC,38106
2005-06-01,1901-01-01 UTC--2005-06-01 UTC,38137
2005-07-01,1901-01-01 UTC--2005-07-01 UTC,38167
2005-08-01,1901-01-01 UTC--2005-08-01 UTC,38198
2005-09-01,1901-01-01 UTC--2005-09-01 UTC,38229
2005-10-01,1901-01-01 UTC--2005-10-01 UTC,38259
2005-11-01,1901-01-01 UTC--2005-11-01 UTC,38290
2005-12-01,1901-01-01 UTC--2005-12-01 UTC,38320
2006-01-01,1901-01-01 UTC--2006-01-01 UTC,38351
2006-02-01,1901-01-01 UTC--2006-02-01 UTC,38382
2006-03-01,1901-01-01 UTC--2006-03-01 UTC,38410
2006-04-01,1901-01-01 UTC--2006-04-01 UTC,38441
2006-05-01,1901-01-01 UTC--2006-05-01 UTC,38471
2006-06-01,1901-01-01 UTC--2006-06-01 UTC,38502
2006-07-01,1901-01-01 UTC--2006-07-01 UTC,38532
2006-08-01,1901-01-01 UTC--2006-08-01 UTC,38563
2006-09-01,1901-01-01 UTC--2006-09-01 UTC,38594
2006-10-01,1901-01-01 UTC--2006-10-01 UTC,38624
2006-11-01,1901-01-01 UTC--2006-11-01 UTC,38655
2006-12-01,1901-01-01 UTC--2006-12-01 UTC,38685
2007-01-01,1901-01-01 UTC--2007-01-01 UTC,38716
2007-02-01,1901-01-01 UTC--2007-02-01 UTC,38747
2007-03-01,1901-01-01 UTC--2007-03-01 UTC,38775
2007-04-01,1901-01-01 UTC--2007-04-01 UTC,38806
2007-05-01,1901-01-01 UTC--2007-05-01 UTC,38836
2007-06-01,1901-01-01 UTC--2007-06-01 UTC,38867
2007-07-01,1901-01-01 UTC--2007-07-01 UTC,38897
2007-08-01,1901-01-01 UTC--2007-08-01 UTC,38928
2007-09-01,1901-01-01 UTC--2007-09-01 UTC,38959
2007-10-01,1901-01-01 UTC--2007-10-01 UTC,38989
2007-11-01,1901-01-01 UTC--2007-11-01 UTC,39020
2007-12-01,1901-01-01 UTC--2007-12-01 UTC,39050
2008-01-01,1901-01-01 UTC--2008-01-01 UTC,39081
2008-02-01,1901-01-01 UTC--2008-02-01 UTC,39112
2008-03-01,1901-01-01 UTC--2008-03-01 UTC,39141
2008-04-01,1901-01-01 UTC--2008-04-01 UTC,39172
2008-05-01,1901-01-01 UTC--2008-05-01 UTC,39202
2008-06-01,1901-01-01 UTC--2008-06-01 UTC,39233
2008-07-01,1901-01-01 UTC--2008-07-01 UTC,39263
2008-08-01,1901-01-01 UTC--2008-08-01 UTC,39294
2008-09-01,1901-01-01 UTC--2008-09-01 UTC,39325
2008-10-01,1901-01-01 UTC--2008-10-01 UTC,39355
2008-11-01,1901-01-01 UTC--2008-11-01 UTC,39386
2008-12-01,1901-01-01 UTC--2008-12-01 UTC,39416
2009-01-01,1901-01-01 UTC--2009-01-01 UTC,39447
2009-02-01,1901-01-01 UTC--2009-02-01 UTC,39478
2009-03-01,1901-01-01 UTC--2009-03-01 UTC,39506
2009-04-01,1901-01-01 UTC--2009-04-01 UTC,39537
2009-05-01,1901-01-01 UTC--2009-05-01 UTC,39567
2009-06-01,1901-01-01 UTC--2009-06-01 UTC,39598
2009-07-01,1901-01-01 UTC--2009-07-01 UTC,39628
2009-08-01,1901-01-01 UTC--2009-08-01 UTC,39659
2009-09-01,1901-01-01 UTC--2009-09-01 UTC,39690
2009-10-01,1901-01-01 UTC--2009-10-01 UTC,39720
2009-11-01,1901-01-01 UTC--2009-11-01 UTC,39751
2009-12-01,1901-01-01 UTC--2009-12-01 UTC,39781
2010-01-01,1901-01-01 UTC--2010-01-01 UTC,39812
2010-02-01,1901-01-01 UTC--2010-02-01 UTC,39843
2010-03-01,1901-01-01 UTC--2010-03-01 UTC,39871
2010-04-01,1901-01-01 UTC--2010-04-01 UTC,39902
2010-05-01,1901-01-01 UTC--2010-05-01 UTC,39932
2010-06-01,1901-01-01 UTC--2010-06-01 UTC,39963
2010-07-01,1901-01-01 UTC--2010-07-01 UTC,39993
2010-08-01,1901-01-01 UTC--2010-08-01 UTC,40024
2010-09-01,1901-01-01 UTC--2010-09-01 UTC,40055
2010-10-01,1901-01-01 UTC--2010-10-01 UTC,40085
2010-11-01,1901-01-01 UTC--2010-11-01 UTC,40116
2010-12-01,1901-01-01 UTC--2010-12-01 UTC,40146