Date_ymd,Interval,N_days_since_1841_01_01
1841-01-01,1841-01-01 UTC--1841-01-01 UTC,0
1841-02-01,1841-01-01 UTC--1841-02-01 UTC,31
1841-03-01,1841-01-01 UTC--1841-03-01 UTC,59
1841-04-01,1841-01-01 UTC--1841-04-01 UTC,90
1841-05-01,1841-01-01 UTC--1841-05-01 UTC,120
1841-06-01,1841-01-01 UTC--1841-06-01 UTC,151
1841-07-01,1841-01-01 UTC--1841-07-01 UTC,181
1841-08-01,1841-01-01 UTC--1841-08-01 UTC,212
1841-09-01,1841-01-01 UTC--1841-09-01 UTC,243
1841-10-01,1841-01-01 UTC--1841-10-01 UTC,273
1841-11-01,1841-01-01 UTC--1841-11-01 UTC,304
1841-12-01,1841-01-01 UTC--1841-12-01 UTC,334
1842-01-01,1841-01-01 UTC--1842-01-01 UTC,365
1842-02-01,1841-01-01 UTC--1842-02-01 UTC,396
1842-03-01,1841-01-01 UTC--1842-03-01 UTC,424
1842-04-01,1841-01-01 UTC--1842-04-01 UTC,455
1842-05-01,1841-01-01 UTC--1842-05-01 UTC,485
1842-06-01,1841-01-01 UTC--1842-06-01 UTC,516
1842-07-01,1841-01-01 UTC--1842-07-01 UTC,546
1842-08-01,1841-01-01 UTC--1842-08-01 UTC,577
1842-09-01,1841-01-01 UTC--1842-09-01 UTC,608
1842-10-01,1841-01-01 UTC--1842-10-01 UTC,638
1842-11-01,1841-01-01 UTC--1842-11-01 UTC,669
1842-12-01,1841-01-01 UTC--1842-12-01 UTC,699
1843-01-01,1841-01-01 UTC--1843-01-01 UTC,730
1843-02-01,1841-01-01 UTC--1843-02-01 UTC,761
1843-03-01,1841-01-01 UTC--1843-03-01 UTC,789
1843-04-01,1841-01-01 UTC--1843-04-01 UTC,820
1843-05-01,1841-01-01 UTC--1843-05-01 UTC,850
1843-06-01,1841-01-01 UTC--1843-06-01 UTC,881
1843-07-01,1841-01-01 UTC--1843-07-01 UTC,911
1843-08-01,1841-01-01 UTC--1843-08-01 UTC,942
1843-09-01,1841-01-01 UTC--1843-09-01 UTC,973
1843-10-01,1841-01-01 UTC--1843-10-01 UTC,1003
1843-11-01,1841-01-01 UTC--1843-11-01 UTC,1034
1843-12-01,1841-01-01 UTC--1843-12-01 UTC,1064
1844-01-01,1841-01-01 UTC--1844-01-01 UTC,1095
1844-02-01,1841-01-01 UTC--1844-02-01 UTC,1126
1844-03-01,1841-01-01 UTC--1844-03-01 UTC,1155
1844-04-01,1841-01-01 UTC--1844-04-01 UTC,1186
1844-05-01,1841-01-01 UTC--1844-05-01 UTC,1216
1844-06-01,1841-01-01 UTC--1844-06-01 UTC,1247
1844-07-01,1841-01-01 UTC--1844-07-01 UTC,1277
1844-08-01,1841-01-01 UTC--1844-08-01 UTC,1308
1844-09-01,1841-01-01 UTC--1844-09-01 UTC,1339
1844-10-01,1841-01-01 UTC--1844-10-01 UTC,1369
1844-11-01,1841-01-01 UTC--1844-11-01 UTC,1400
1844-12-01,1841-01-01 UTC--1844-12-01 UTC,1430
1845-01-01,1841-01-01 UTC--1845-01-01 UTC,1461
1845-02-01,1841-01-01 UTC--1845-02-01 UTC,1492
1845-03-01,1841-01-01 UTC--1845-03-01 UTC,1520
1845-04-01,1841-01-01 UTC--1845-04-01 UTC,1551
1845-05-01,1841-01-01 UTC--1845-05-01 UTC,1581
1845-06-01,1841-01-01 UTC--1845-06-01 UTC,1612
1845-07-01,1841-01-01 UTC--1845-07-01 UTC,1642
1845-08-01,1841-01-01 UTC--1845-08-01 UTC,1673
1845-09-01,1841-01-01 UTC--1845-09-01 UTC,1704
1845-10-01,1841-01-01 UTC--1845-10-01 UTC,1734
1845-11-01,1841-01-01 UTC--1845-11-01 UTC,1765
1845-12-01,1841-01-01 UTC--1845-12-01 UTC,1795
1846-01-01,1841-01-01 UTC--1846-01-01 UTC,1826
1846-02-01,1841-01-01 UTC--1846-02-01 UTC,1857
1846-03-01,1841-01-01 UTC--1846-03-01 UTC,1885
1846-04-01,1841-01-01 UTC--1846-04-01 UTC,1916
1846-05-01,1841-01-01 UTC--1846-05-01 UTC,1946
1846-06-01,1841-01-01 UTC--1846-06-01 UTC,1977
1846-07-01,1841-01-01 UTC--1846-07-01 UTC,2007
1846-08-01,1841-01-01 UTC--1846-08-01 UTC,2038
1846-09-01,1841-01-01 UTC--1846-09-01 UTC,2069
1846-10-01,1841-01-01 UTC--1846-10-01 UTC,2099
1846-11-01,1841-01-01 UTC--1846-11-01 UTC,2130
1846-12-01,1841-01-01 UTC--1846-12-01 UTC,2160
1847-01-01,1841-01-01 UTC--1847-01-01 UTC,2191
1847-02-01,1841-01-01 UTC--1847-02-01 UTC,2222
1847-03-01,1841-01-01 UTC--1847-03-01 UTC,2250
1847-04-01,1841-01-01 UTC--1847-04-01 UTC,2281
1847-05-01,1841-01-01 UTC--1847-05-01 UTC,2311
1847-06-01,1841-01-01 UTC--1847-06-01 UTC,2342
1847-07-01,1841-01-01 UTC--1847-07-01 UTC,2372
1847-08-01,1841-01-01 UTC--1847-08-01 UTC,2403
1847-09-01,1841-01-01 UTC--1847-09-01 UTC,2434
1847-10-01,1841-01-01 UTC--1847-10-01 UTC,2464
1847-11-01,1841-01-01 UTC--1847-11-01 UTC,2495
1847-12-01,1841-01-01 UTC--1847-12-01 UTC,2525
1848-01-01,1841-01-01 UTC--1848-01-01 UTC,2556
1848-02-01,1841-01-01 UTC--1848-02-01 UTC,2587
1848-03-01,1841-01-01 UTC--1848-03-01 UTC,2616
1848-04-01,1841-01-01 UTC--1848-04-01 UTC,2647
1848-05-01,1841-01-01 UTC--1848-05-01 UTC,2677
1848-06-01,1841-01-01 UTC--1848-06-01 UTC,2708
1848-07-01,1841-01-01 UTC--1848-07-01 UTC,2738
1848-08-01,1841-01-01 UTC--1848-08-01 UTC,2769
1848-09-01,1841-01-01 UTC--1848-09-01 UTC,2800
1848-10-01,1841-01-01 UTC--1848-10-01 UTC,2830
1848-11-01,1841-01-01 UTC--1848-11-01 UTC,2861
1848-12-01,1841-01-01 UTC--1848-12-01 UTC,2891
1849-01-01,1841-01-01 UTC--1849-01-01 UTC,2922
1849-02-01,1841-01-01 UTC--1849-02-01 UTC,2953
1849-03-01,1841-01-01 UTC--1849-03-01 UTC,2981
1849-04-01,1841-01-01 UTC--1849-04-01 UTC,3012
1849-05-01,1841-01-01 UTC--1849-05-01 UTC,3042
1849-06-01,1841-01-01 UTC--1849-06-01 UTC,3073
1849-07-01,1841-01-01 UTC--1849-07-01 UTC,3103
1849-08-01,1841-01-01 UTC--1849-08-01 UTC,3134
1849-09-01,1841-01-01 UTC--1849-09-01 UTC,3165
1849-10-01,1841-01-01 UTC--1849-10-01 UTC,3195
1849-11-01,1841-01-01 UTC--1849-11-01 UTC,3226
1849-12-01,1841-01-01 UTC--1849-12-01 UTC,3256
1850-01-01,1841-01-01 UTC--1850-01-01 UTC,3287
1850-02-01,1841-01-01 UTC--1850-02-01 UTC,3318
1850-03-01,1841-01-01 UTC--1850-03-01 UTC,3346
1850-04-01,1841-01-01 UTC--1850-04-01 UTC,3377
1850-05-01,1841-01-01 UTC--1850-05-01 UTC,3407
1850-06-01,1841-01-01 UTC--1850-06-01 UTC,3438
1850-07-01,1841-01-01 UTC--1850-07-01 UTC,3468
1850-08-01,1841-01-01 UTC--1850-08-01 UTC,3499
1850-09-01,1841-01-01 UTC--1850-09-01 UTC,3530
1850-10-01,1841-01-01 UTC--1850-10-01 UTC,3560
1850-11-01,1841-01-01 UTC--1850-11-01 UTC,3591
1850-12-01,1841-01-01 UTC--1850-12-01 UTC,3621
1851-01-01,1841-01-01 UTC--1851-01-01 UTC,3652
1851-02-01,1841-01-01 UTC--1851-02-01 UTC,3683
1851-03-01,1841-01-01 UTC--1851-03-01 UTC,3711
1851-04-01,1841-01-01 UTC--1851-04-01 UTC,3742
1851-05-01,1841-01-01 UTC--1851-05-01 UTC,3772
1851-06-01,1841-01-01 UTC--1851-06-01 UTC,3803
1851-07-01,1841-01-01 UTC--1851-07-01 UTC,3833
1851-08-01,1841-01-01 UTC--1851-08-01 UTC,3864
1851-09-01,1841-01-01 UTC--1851-09-01 UTC,3895
1851-10-01,1841-01-01 UTC--1851-10-01 UTC,3925
1851-11-01,1841-01-01 UTC--1851-11-01 UTC,3956
1851-12-01,1841-01-01 UTC--1851-12-01 UTC,3986
1852-01-01,1841-01-01 UTC--1852-01-01 UTC,4017
1852-02-01,1841-01-01 UTC--1852-02-01 UTC,4048
1852-03-01,1841-01-01 UTC--1852-03-01 UTC,4077
1852-04-01,1841-01-01 UTC--1852-04-01 UTC,4108
1852-05-01,1841-01-01 UTC--1852-05-01 UTC,4138
1852-06-01,1841-01-01 UTC--1852-06-01 UTC,4169
1852-07-01,1841-01-01 UTC--1852-07-01 UTC,4199
1852-08-01,1841-01-01 UTC--1852-08-01 UTC,4230
1852-09-01,1841-01-01 UTC--1852-09-01 UTC,4261
1852-10-01,1841-01-01 UTC--1852-10-01 UTC,4291
1852-11-01,1841-01-01 UTC--1852-11-01 UTC,4322
1852-12-01,1841-01-01 UTC--1852-12-01 UTC,4352
1853-01-01,1841-01-01 UTC--1853-01-01 UTC,4383
1853-02-01,1841-01-01 UTC--1853-02-01 UTC,4414
1853-03-01,1841-01-01 UTC--1853-03-01 UTC,4442
1853-04-01,1841-01-01 UTC--1853-04-01 UTC,4473
1853-05-01,1841-01-01 UTC--1853-05-01 UTC,4503
1853-06-01,1841-01-01 UTC--1853-06-01 UTC,4534
1853-07-01,1841-01-01 UTC--1853-07-01 UTC,4564
1853-08-01,1841-01-01 UTC--1853-08-01 UTC,4595
1853-09-01,1841-01-01 UTC--1853-09-01 UTC,4626
1853-10-01,1841-01-01 UTC--1853-10-01 UTC,4656
1853-11-01,1841-01-01 UTC--1853-11-01 UTC,4687
1853-12-01,1841-01-01 UTC--1853-12-01 UTC,4717
1854-01-01,1841-01-01 UTC--1854-01-01 UTC,4748
1854-02-01,1841-01-01 UTC--1854-02-01 UTC,4779
1854-03-01,1841-01-01 UTC--1854-03-01 UTC,4807
1854-04-01,1841-01-01 UTC--1854-04-01 UTC,4838
1854-05-01,1841-01-01 UTC--1854-05-01 UTC,4868
1854-06-01,1841-01-01 UTC--1854-06-01 UTC,4899
1854-07-01,1841-01-01 UTC--1854-07-01 UTC,4929
1854-08-01,1841-01-01 UTC--1854-08-01 UTC,4960
1854-09-01,1841-01-01 UTC--1854-09-01 UTC,4991
1854-10-01,1841-01-01 UTC--1854-10-01 UTC,5021
1854-11-01,1841-01-01 UTC--1854-11-01 UTC,5052
1854-12-01,1841-01-01 UTC--1854-12-01 UTC,5082
1855-01-01,1841-01-01 UTC--1855-01-01 UTC,5113
1855-02-01,1841-01-01 UTC--1855-02-01 UTC,5144
1855-03-01,1841-01-01 UTC--1855-03-01 UTC,5172
1855-04-01,1841-01-01 UTC--1855-04-01 UTC,5203
1855-05-01,1841-01-01 UTC--1855-05-01 UTC,5233
1855-06-01,1841-01-01 UTC--1855-06-01 UTC,5264
1855-07-01,1841-01-01 UTC--1855-07-01 UTC,5294
1855-08-01,1841-01-01 UTC--1855-08-01 UTC,5325
1855-09-01,1841-01-01 UTC--1855-09-01 UTC,5356
1855-10-01,1841-01-01 UTC--1855-10-01 UTC,5386
1855-11-01,1841-01-01 UTC--1855-11-01 UTC,5417
1855-12-01,1841-01-01 UTC--1855-12-01 UTC,5447
1856-01-01,1841-01-01 UTC--1856-01-01 UTC,5478
1856-02-01,1841-01-01 UTC--1856-02-01 UTC,5509
1856-03-01,1841-01-01 UTC--1856-03-01 UTC,5538
1856-04-01,1841-01-01 UTC--1856-04-01 UTC,5569
1856-05-01,1841-01-01 UTC--1856-05-01 UTC,5599
1856-06-01,1841-01-01 UTC--1856-06-01 UTC,5630
1856-07-01,1841-01-01 UTC--1856-07-01 UTC,5660
1856-08-01,1841-01-01 UTC--1856-08-01 UTC,5691
1856-09-01,1841-01-01 UTC--1856-09-01 UTC,5722
1856-10-01,1841-01-01 UTC--1856-10-01 UTC,5752
1856-11-01,1841-01-01 UTC--1856-11-01 UTC,5783
1856-12-01,1841-01-01 UTC--1856-12-01 UTC,5813
1857-01-01,1841-01-01 UTC--1857-01-01 UTC,5844
1857-02-01,1841-01-01 UTC--1857-02-01 UTC,5875
1857-03-01,1841-01-01 UTC--1857-03-01 UTC,5903
1857-04-01,1841-01-01 UTC--1857-04-01 UTC,5934
1857-05-01,1841-01-01 UTC--1857-05-01 UTC,5964
1857-06-01,1841-01-01 UTC--1857-06-01 UTC,5995
1857-07-01,1841-01-01 UTC--1857-07-01 UTC,6025
1857-08-01,1841-01-01 UTC--1857-08-01 UTC,6056
1857-09-01,1841-01-01 UTC--1857-09-01 UTC,6087
1857-10-01,1841-01-01 UTC--1857-10-01 UTC,6117
1857-11-01,1841-01-01 UTC--1857-11-01 UTC,6148
1857-12-01,1841-01-01 UTC--1857-12-01 UTC,6178
1858-01-01,1841-01-01 UTC--1858-01-01 UTC,6209
1858-02-01,1841-01-01 UTC--1858-02-01 UTC,6240
1858-03-01,1841-01-01 UTC--1858-03-01 UTC,6268
1858-04-01,1841-01-01 UTC--1858-04-01 UTC,6299
1858-05-01,1841-01-01 UTC--1858-05-01 UTC,6329
1858-06-01,1841-01-01 UTC--1858-06-01 UTC,6360
1858-07-01,1841-01-01 UTC--1858-07-01 UTC,6390
1858-08-01,1841-01-01 UTC--1858-08-01 UTC,6421
1858-09-01,1841-01-01 UTC--1858-09-01 UTC,6452
1858-10-01,1841-01-01 UTC--1858-10-01 UTC,6482
1858-11-01,1841-01-01 UTC--1858-11-01 UTC,6513
1858-12-01,1841-01-01 UTC--1858-12-01 UTC,6543
1859-01-01,1841-01-01 UTC--1859-01-01 UTC,6574
1859-02-01,1841-01-01 UTC--1859-02-01 UTC,6605
1859-03-01,1841-01-01 UTC--1859-03-01 UTC,6633
1859-04-01,1841-01-01 UTC--1859-04-01 UTC,6664
1859-05-01,1841-01-01 UTC--1859-05-01 UTC,6694
1859-06-01,1841-01-01 UTC--1859-06-01 UTC,6725
1859-07-01,1841-01-01 UTC--1859-07-01 UTC,6755
1859-08-01,1841-01-01 UTC--1859-08-01 UTC,6786
1859-09-01,1841-01-01 UTC--1859-09-01 UTC,6817
1859-10-01,1841-01-01 UTC--1859-10-01 UTC,6847
1859-11-01,1841-01-01 UTC--1859-11-01 UTC,6878
1859-12-01,1841-01-01 UTC--1859-12-01 UTC,6908
1860-01-01,1841-01-01 UTC--1860-01-01 UTC,6939
1860-02-01,1841-01-01 UTC--1860-02-01 UTC,6970
1860-03-01,1841-01-01 UTC--1860-03-01 UTC,6999
1860-04-01,1841-01-01 UTC--1860-04-01 UTC,7030
1860-05-01,1841-01-01 UTC--1860-05-01 UTC,7060
1860-06-01,1841-01-01 UTC--1860-06-01 UTC,7091
1860-07-01,1841-01-01 UTC--1860-07-01 UTC,7121
1860-08-01,1841-01-01 UTC--1860-08-01 UTC,7152
1860-09-01,1841-01-01 UTC--1860-09-01 UTC,7183
1860-10-01,1841-01-01 UTC--1860-10-01 UTC,7213
1860-11-01,1841-01-01 UTC--1860-11-01 UTC,7244
1860-12-01,1841-01-01 UTC--1860-12-01 UTC,7274
1861-01-01,1841-01-01 UTC--1861-01-01 UTC,7305
1861-02-01,1841-01-01 UTC--1861-02-01 UTC,7336
1861-03-01,1841-01-01 UTC--1861-03-01 UTC,7364
1861-04-01,1841-01-01 UTC--1861-04-01 UTC,7395
1861-05-01,1841-01-01 UTC--1861-05-01 UTC,7425
1861-06-01,1841-01-01 UTC--1861-06-01 UTC,7456
1861-07-01,1841-01-01 UTC--1861-07-01 UTC,7486
1861-08-01,1841-01-01 UTC--1861-08-01 UTC,7517
1861-09-01,1841-01-01 UTC--1861-09-01 UTC,7548
1861-10-01,1841-01-01 UTC--1861-10-01 UTC,7578
1861-11-01,1841-01-01 UTC--1861-11-01 UTC,7609
1861-12-01,1841-01-01 UTC--1861-12-01 UTC,7639
1862-01-01,1841-01-01 UTC--1862-01-01 UTC,7670
1862-02-01,1841-01-01 UTC--1862-02-01 UTC,7701
1862-03-01,1841-01-01 UTC--1862-03-01 UTC,7729
1862-04-01,1841-01-01 UTC--1862-04-01 UTC,7760
1862-05-01,1841-01-01 UTC--1862-05-01 UTC,7790
1862-06-01,1841-01-01 UTC--1862-06-01 UTC,7821
1862-07-01,1841-01-01 UTC--1862-07-01 UTC,7851
1862-08-01,1841-01-01 UTC--1862-08-01 UTC,7882
1862-09-01,1841-01-01 UTC--1862-09-01 UTC,7913
1862-10-01,1841-01-01 UTC--1862-10-01 UTC,7943
1862-11-01,1841-01-01 UTC--1862-11-01 UTC,7974
1862-12-01,1841-01-01 UTC--1862-12-01 UTC,8004
1863-01-01,1841-01-01 UTC--1863-01-01 UTC,8035
1863-02-01,1841-01-01 UTC--1863-02-01 UTC,8066
1863-03-01,1841-01-01 UTC--1863-03-01 UTC,8094
1863-04-01,1841-01-01 UTC--1863-04-01 UTC,8125
1863-05-01,1841-01-01 UTC--1863-05-01 UTC,8155
1863-06-01,1841-01-01 UTC--1863-06-01 UTC,8186
1863-07-01,1841-01-01 UTC--1863-07-01 UTC,8216
1863-08-01,1841-01-01 UTC--1863-08-01 UTC,8247
1863-09-01,1841-01-01 UTC--1863-09-01 UTC,8278
1863-10-01,1841-01-01 UTC--1863-10-01 UTC,8308
1863-11-01,1841-01-01 UTC--1863-11-01 UTC,8339
1863-12-01,1841-01-01 UTC--1863-12-01 UTC,8369
1864-01-01,1841-01-01 UTC--1864-01-01 UTC,8400
1864-02-01,1841-01-01 UTC--1864-02-01 UTC,8431
1864-03-01,1841-01-01 UTC--1864-03-01 UTC,8460
1864-04-01,1841-01-01 UTC--1864-04-01 UTC,8491
1864-05-01,1841-01-01 UTC--1864-05-01 UTC,8521
1864-06-01,1841-01-01 UTC--1864-06-01 UTC,8552
1864-07-01,1841-01-01 UTC--1864-07-01 UTC,8582
1864-08-01,1841-01-01 UTC--1864-08-01 UTC,8613
1864-09-01,1841-01-01 UTC--1864-09-01 UTC,8644
1864-10-01,1841-01-01 UTC--1864-10-01 UTC,8674
1864-11-01,1841-01-01 UTC--1864-11-01 UTC,8705
1864-12-01,1841-01-01 UTC--1864-12-01 UTC,8735
1865-01-01,1841-01-01 UTC--1865-01-01 UTC,8766
1865-02-01,1841-01-01 UTC--1865-02-01 UTC,8797
1865-03-01,1841-01-01 UTC--1865-03-01 UTC,8825
1865-04-01,1841-01-01 UTC--1865-04-01 UTC,8856
1865-05-01,1841-01-01 UTC--1865-05-01 UTC,8886
1865-06-01,1841-01-01 UTC--1865-06-01 UTC,8917
1865-07-01,1841-01-01 UTC--1865-07-01 UTC,8947
1865-08-01,1841-01-01 UTC--1865-08-01 UTC,8978
1865-09-01,1841-01-01 UTC--1865-09-01 UTC,9009
1865-10-01,1841-01-01 UTC--1865-10-01 UTC,9039
1865-11-01,1841-01-01 UTC--1865-11-01 UTC,9070
1865-12-01,1841-01-01 UTC--1865-12-01 UTC,9100
1866-01-01,1841-01-01 UTC--1866-01-01 UTC,9131
1866-02-01,1841-01-01 UTC--1866-02-01 UTC,9162
1866-03-01,1841-01-01 UTC--1866-03-01 UTC,9190
1866-04-01,1841-01-01 UTC--1866-04-01 UTC,9221
1866-05-01,1841-01-01 UTC--1866-05-01 UTC,9251
1866-06-01,1841-01-01 UTC--1866-06-01 UTC,9282
1866-07-01,1841-01-01 UTC--1866-07-01 UTC,9312
1866-08-01,1841-01-01 UTC--1866-08-01 UTC,9343
1866-09-01,1841-01-01 UTC--1866-09-01 UTC,9374
1866-10-01,1841-01-01 UTC--1866-10-01 UTC,9404
1866-11-01,1841-01-01 UTC--1866-11-01 UTC,9435
1866-12-01,1841-01-01 UTC--1866-12-01 UTC,9465
1867-01-01,1841-01-01 UTC--1867-01-01 UTC,9496
1867-02-01,1841-01-01 UTC--1867-02-01 UTC,9527
1867-03-01,1841-01-01 UTC--1867-03-01 UTC,9555
1867-04-01,1841-01-01 UTC--1867-04-01 UTC,9586
1867-05-01,1841-01-01 UTC--1867-05-01 UTC,9616
1867-06-01,1841-01-01 UTC--1867-06-01 UTC,9647
1867-07-01,1841-01-01 UTC--1867-07-01 UTC,9677
1867-08-01,1841-01-01 UTC--1867-08-01 UTC,9708
1867-09-01,1841-01-01 UTC--1867-09-01 UTC,9739
1867-10-01,1841-01-01 UTC--1867-10-01 UTC,9769
1867-11-01,1841-01-01 UTC--1867-11-01 UTC,9800
1867-12-01,1841-01-01 UTC--1867-12-01 UTC,9830
1868-01-01,1841-01-01 UTC--1868-01-01 UTC,9861
1868-02-01,1841-01-01 UTC--1868-02-01 UTC,9892
1868-03-01,1841-01-01 UTC--1868-03-01 UTC,9921
1868-04-01,1841-01-01 UTC--1868-04-01 UTC,9952
1868-05-01,1841-01-01 UTC--1868-05-01 UTC,9982
1868-06-01,1841-01-01 UTC--1868-06-01 UTC,10013
1868-07-01,1841-01-01 UTC--1868-07-01 UTC,10043
1868-08-01,1841-01-01 UTC--1868-08-01 UTC,10074
1868-09-01,1841-01-01 UTC--1868-09-01 UTC,10105
1868-10-01,1841-01-01 UTC--1868-10-01 UTC,10135
1868-11-01,1841-01-01 UTC--1868-11-01 UTC,10166
1868-12-01,1841-01-01 UTC--1868-12-01 UTC,10196
1869-01-01,1841-01-01 UTC--1869-01-01 UTC,10227
1869-02-01,1841-01-01 UTC--1869-02-01 UTC,10258
1869-03-01,1841-01-01 UTC--1869-03-01 UTC,10286
1869-04-01,1841-01-01 UTC--1869-04-01 UTC,10317
1869-05-01,1841-01-01 UTC--1869-05-01 UTC,10347
1869-06-01,1841-01-01 UTC--1869-06-01 UTC,10378
1869-07-01,1841-01-01 UTC--1869-07-01 UTC,10408
1869-08-01,1841-01-01 UTC--1869-08-01 UTC,10439
1869-09-01,1841-01-01 UTC--1869-09-01 UTC,10470
1869-10-01,1841-01-01 UTC--1869-10-01 UTC,10500
1869-11-01,1841-01-01 UTC--1869-11-01 UTC,10531
1869-12-01,1841-01-01 UTC--1869-12-01 UTC,10561
1870-01-01,1841-01-01 UTC--1870-01-01 UTC,10592
1870-02-01,1841-01-01 UTC--1870-02-01 UTC,10623
1870-03-01,1841-01-01 UTC--1870-03-01 UTC,10651
1870-04-01,1841-01-01 UTC--1870-04-01 UTC,10682
1870-05-01,1841-01-01 UTC--1870-05-01 UTC,10712
1870-06-01,1841-01-01 UTC--1870-06-01 UTC,10743
1870-07-01,1841-01-01 UTC--1870-07-01 UTC,10773
1870-08-01,1841-01-01 UTC--1870-08-01 UTC,10804
1870-09-01,1841-01-01 UTC--1870-09-01 UTC,10835
1870-10-01,1841-01-01 UTC--1870-10-01 UTC,10865
1870-11-01,1841-01-01 UTC--1870-11-01 UTC,10896
1870-12-01,1841-01-01 UTC--1870-12-01 UTC,10926
1871-01-01,1841-01-01 UTC--1871-01-01 UTC,10957
1871-02-01,1841-01-01 UTC--1871-02-01 UTC,10988
1871-03-01,1841-01-01 UTC--1871-03-01 UTC,11016
1871-04-01,1841-01-01 UTC--1871-04-01 UTC,11047
1871-05-01,1841-01-01 UTC--1871-05-01 UTC,11077
1871-06-01,1841-01-01 UTC--1871-06-01 UTC,11108
1871-07-01,1841-01-01 UTC--1871-07-01 UTC,11138
1871-08-01,1841-01-01 UTC--1871-08-01 UTC,11169
1871-09-01,1841-01-01 UTC--1871-09-01 UTC,11200
1871-10-01,1841-01-01 UTC--1871-10-01 UTC,11230
1871-11-01,1841-01-01 UTC--1871-11-01 UTC,11261
1871-12-01,1841-01-01 UTC--1871-12-01 UTC,11291
1872-01-01,1841-01-01 UTC--1872-01-01 UTC,11322
1872-02-01,1841-01-01 UTC--1872-02-01 UTC,11353
1872-03-01,1841-01-01 UTC--1872-03-01 UTC,11382
1872-04-01,1841-01-01 UTC--1872-04-01 UTC,11413
1872-05-01,1841-01-01 UTC--1872-05-01 UTC,11443
1872-06-01,1841-01-01 UTC--1872-06-01 UTC,11474
1872-07-01,1841-01-01 UTC--1872-07-01 UTC,11504
1872-08-01,1841-01-01 UTC--1872-08-01 UTC,11535
1872-09-01,1841-01-01 UTC--1872-09-01 UTC,11566
1872-10-01,1841-01-01 UTC--1872-10-01 UTC,11596
1872-11-01,1841-01-01 UTC--1872-11-01 UTC,11627
1872-12-01,1841-01-01 UTC--1872-12-01 UTC,11657
1873-01-01,1841-01-01 UTC--1873-01-01 UTC,11688
1873-02-01,1841-01-01 UTC--1873-02-01 UTC,11719
1873-03-01,1841-01-01 UTC--1873-03-01 UTC,11747
1873-04-01,1841-01-01 UTC--1873-04-01 UTC,11778
1873-05-01,1841-01-01 UTC--1873-05-01 UTC,11808
1873-06-01,1841-01-01 UTC--1873-06-01 UTC,11839
1873-07-01,1841-01-01 UTC--1873-07-01 UTC,11869
1873-08-01,1841-01-01 UTC--1873-08-01 UTC,11900
1873-09-01,1841-01-01 UTC--1873-09-01 UTC,11931
1873-10-01,1841-01-01 UTC--1873-10-01 UTC,11961
1873-11-01,1841-01-01 UTC--1873-11-01 UTC,11992
1873-12-01,1841-01-01 UTC--1873-12-01 UTC,12022
1874-01-01,1841-01-01 UTC--1874-01-01 UTC,12053
1874-02-01,1841-01-01 UTC--1874-02-01 UTC,12084
1874-03-01,1841-01-01 UTC--1874-03-01 UTC,12112
1874-04-01,1841-01-01 UTC--1874-04-01 UTC,12143
1874-05-01,1841-01-01 UTC--1874-05-01 UTC,12173
1874-06-01,1841-01-01 UTC--1874-06-01 UTC,12204
1874-07-01,1841-01-01 UTC--1874-07-01 UTC,12234
1874-08-01,1841-01-01 UTC--1874-08-01 UTC,12265
1874-09-01,1841-01-01 UTC--1874-09-01 UTC,12296
1874-10-01,1841-01-01 UTC--1874-10-01 UTC,12326
1874-11-01,1841-01-01 UTC--1874-11-01 UTC,12357
1874-12-01,1841-01-01 UTC--1874-12-01 UTC,12387
1875-01-01,1841-01-01 UTC--1875-01-01 UTC,12418
1875-02-01,1841-01-01 UTC--1875-02-01 UTC,12449
1875-03-01,1841-01-01 UTC--1875-03-01 UTC,12477
1875-04-01,1841-01-01 UTC--1875-04-01 UTC,12508
1875-05-01,1841-01-01 UTC--1875-05-01 UTC,12538
1875-06-01,1841-01-01 UTC--1875-06-01 UTC,12569
1875-07-01,1841-01-01 UTC--1875-07-01 UTC,12599
1875-08-01,1841-01-01 UTC--1875-08-01 UTC,12630
1875-09-01,1841-01-01 UTC--1875-09-01 UTC,12661
1875-10-01,1841-01-01 UTC--1875-10-01 UTC,12691
1875-11-01,1841-01-01 UTC--1875-11-01 UTC,12722
1875-12-01,1841-01-01 UTC--1875-12-01 UTC,12752
1876-01-01,1841-01-01 UTC--1876-01-01 UTC,12783
1876-02-01,1841-01-01 UTC--1876-02-01 UTC,12814
1876-03-01,1841-01-01 UTC--1876-03-01 UTC,12843
1876-04-01,1841-01-01 UTC--1876-04-01 UTC,12874
1876-05-01,1841-01-01 UTC--1876-05-01 UTC,12904
1876-06-01,1841-01-01 UTC--1876-06-01 UTC,12935
1876-07-01,1841-01-01 UTC--1876-07-01 UTC,12965
1876-08-01,1841-01-01 UTC--1876-08-01 UTC,12996
1876-09-01,1841-01-01 UTC--1876-09-01 UTC,13027
1876-10-01,1841-01-01 UTC--1876-10-01 UTC,13057
1876-11-01,1841-01-01 UTC--1876-11-01 UTC,13088
1876-12-01,1841-01-01 UTC--1876-12-01 UTC,13118
1877-01-01,1841-01-01 UTC--1877-01-01 UTC,13149
1877-02-01,1841-01-01 UTC--1877-02-01 UTC,13180
1877-03-01,1841-01-01 UTC--1877-03-01 UTC,13208
1877-04-01,1841-01-01 UTC--1877-04-01 UTC,13239
1877-05-01,1841-01-01 UTC--1877-05-01 UTC,13269
1877-06-01,1841-01-01 UTC--1877-06-01 UTC,13300
1877-07-01,1841-01-01 UTC--1877-07-01 UTC,13330
1877-08-01,1841-01-01 UTC--1877-08-01 UTC,13361
1877-09-01,1841-01-01 UTC--1877-09-01 UTC,13392
1877-10-01,1841-01-01 UTC--1877-10-01 UTC,13422
1877-11-01,1841-01-01 UTC--1877-11-01 UTC,13453
1877-12-01,1841-01-01 UTC--1877-12-01 UTC,13483
1878-01-01,1841-01-01 UTC--1878-01-01 UTC,13514
1878-02-01,1841-01-01 UTC--1878-02-01 UTC,13545
1878-03-01,1841-01-01 UTC--1878-03-01 UTC,13573
1878-04-01,1841-01-01 UTC--1878-04-01 UTC,13604
1878-05-01,1841-01-01 UTC--1878-05-01 UTC,13634
1878-06-01,1841-01-01 UTC--1878-06-01 UTC,13665
1878-07-01,1841-01-01 UTC--1878-07-01 UTC,13695
1878-08-01,1841-01-01 UTC--1878-08-01 UTC,13726
1878-09-01,1841-01-01 UTC--1878-09-01 UTC,13757
1878-10-01,1841-01-01 UTC--1878-10-01 UTC,13787
1878-11-01,1841-01-01 UTC--1878-11-01 UTC,13818
1878-12-01,1841-01-01 UTC--1878-12-01 UTC,13848
1879-01-01,1841-01-01 UTC--1879-01-01 UTC,13879
1879-02-01,1841-01-01 UTC--1879-02-01 UTC,13910
1879-03-01,1841-01-01 UTC--1879-03-01 UTC,13938
1879-04-01,1841-01-01 UTC--1879-04-01 UTC,13969
1879-05-01,1841-01-01 UTC--1879-05-01 UTC,13999
1879-06-01,1841-01-01 UTC--1879-06-01 UTC,14030
1879-07-01,1841-01-01 UTC--1879-07-01 UTC,14060
1879-08-01,1841-01-01 UTC--1879-08-01 UTC,14091
1879-09-01,1841-01-01 UTC--1879-09-01 UTC,14122
1879-10-01,1841-01-01 UTC--1879-10-01 UTC,14152
1879-11-01,1841-01-01 UTC--1879-11-01 UTC,14183
1879-12-01,1841-01-01 UTC--1879-12-01 UTC,14213
1880-01-01,1841-01-01 UTC--1880-01-01 UTC,14244
1880-02-01,1841-01-01 UTC--1880-02-01 UTC,14275
1880-03-01,1841-01-01 UTC--1880-03-01 UTC,14304
1880-04-01,1841-01-01 UTC--1880-04-01 UTC,14335
1880-05-01,1841-01-01 UTC--1880-05-01 UTC,14365
1880-06-01,1841-01-01 UTC--1880-06-01 UTC,14396
1880-07-01,1841-01-01 UTC--1880-07-01 UTC,14426
1880-08-01,1841-01-01 UTC--1880-08-01 UTC,14457
1880-09-01,1841-01-01 UTC--1880-09-01 UTC,14488
1880-10-01,1841-01-01 UTC--1880-10-01 UTC,14518
1880-11-01,1841-01-01 UTC--1880-11-01 UTC,14549
1880-12-01,1841-01-01 UTC--1880-12-01 UTC,14579
1881-01-01,1841-01-01 UTC--1881-01-01 UTC,14610
1881-02-01,1841-01-01 UTC--1881-02-01 UTC,14641
1881-03-01,1841-01-01 UTC--1881-03-01 UTC,14669
1881-04-01,1841-01-01 UTC--1881-04-01 UTC,14700
1881-05-01,1841-01-01 UTC--1881-05-01 UTC,14730
1881-06-01,1841-01-01 UTC--1881-06-01 UTC,14761
1881-07-01,1841-01-01 UTC--1881-07-01 UTC,14791
1881-08-01,1841-01-01 UTC--1881-08-01 UTC,14822
1881-09-01,1841-01-01 UTC--1881-09-01 UTC,14853
1881-10-01,1841-01-01 UTC--1881-10-01 UTC,14883
1881-11-01,1841-01-01 UTC--1881-11-01 UTC,14914
1881-12-01,1841-01-01 UTC--1881-12-01 UTC,14944
1882-01-01,1841-01-01 UTC--1882-01-01 UTC,14975
1882-02-01,1841-01-01 UTC--1882-02-01 UTC,15006
1882-03-01,1841-01-01 UTC--1882-03-01 UTC,15034
1882-04-01,1841-01-01 UTC--1882-04-01 UTC,15065
1882-05-01,1841-01-01 UTC--1882-05-01 UTC,15095
1882-06-01,1841-01-01 UTC--1882-06-01 UTC,15126
1882-07-01,1841-01-01 UTC--1882-07-01 UTC,15156
1882-08-01,1841-01-01 UTC--1882-08-01 UTC,15187
1882-09-01,1841-01-01 UTC--1882-09-01 UTC,15218
1882-10-01,1841-01-01 UTC--1882-10-01 UTC,15248
1882-11-01,1841-01-01 UTC--1882-11-01 UTC,15279
1882-12-01,1841-01-01 UTC--1882-12-01 UTC,15309
1883-01-01,1841-01-01 UTC--1883-01-01 UTC,15340
1883-02-01,1841-01-01 UTC--1883-02-01 UTC,15371
1883-03-01,1841-01-01 UTC--1883-03-01 UTC,15399
1883-04-01,1841-01-01 UTC--1883-04-01 UTC,15430
1883-05-01,1841-01-01 UTC--1883-05-01 UTC,15460
1883-06-01,1841-01-01 UTC--1883-06-01 UTC,15491
1883-07-01,1841-01-01 UTC--1883-07-01 UTC,15521
1883-08-01,1841-01-01 UTC--1883-08-01 UTC,15552
1883-09-01,1841-01-01 UTC--1883-09-01 UTC,15583
1883-10-01,1841-01-01 UTC--1883-10-01 UTC,15613
1883-11-01,1841-01-01 UTC--1883-11-01 UTC,15644
1883-12-01,1841-01-01 UTC--1883-12-01 UTC,15674
1884-01-01,1841-01-01 UTC--1884-01-01 UTC,15705
1884-02-01,1841-01-01 UTC--1884-02-01 UTC,15736
1884-03-01,1841-01-01 UTC--1884-03-01 UTC,15765
1884-04-01,1841-01-01 UTC--1884-04-01 UTC,15796
1884-05-01,1841-01-01 UTC--1884-05-01 UTC,15826
1884-06-01,1841-01-01 UTC--1884-06-01 UTC,15857
1884-07-01,1841-01-01 UTC--1884-07-01 UTC,15887
1884-08-01,1841-01-01 UTC--1884-08-01 UTC,15918
1884-09-01,1841-01-01 UTC--1884-09-01 UTC,15949
1884-10-01,1841-01-01 UTC--1884-10-01 UTC,15979
1884-11-01,1841-01-01 UTC--1884-11-01 UTC,16010
1884-12-01,1841-01-01 UTC--1884-12-01 UTC,16040
1885-01-01,1841-01-01 UTC--1885-01-01 UTC,16071
1885-02-01,1841-01-01 UTC--1885-02-01 UTC,16102
1885-03-01,1841-01-01 UTC--1885-03-01 UTC,16130
1885-04-01,1841-01-01 UTC--1885-04-01 UTC,16161
1885-05-01,1841-01-01 UTC--1885-05-01 UTC,16191
1885-06-01,1841-01-01 UTC--1885-06-01 UTC,16222
1885-07-01,1841-01-01 UTC--1885-07-01 UTC,16252
1885-08-01,1841-01-01 UTC--1885-08-01 UTC,16283
1885-09-01,1841-01-01 UTC--1885-09-01 UTC,16314
1885-10-01,1841-01-01 UTC--1885-10-01 UTC,16344
1885-11-01,1841-01-01 UTC--1885-11-01 UTC,16375
1885-12-01,1841-01-01 UTC--1885-12-01 UTC,16405
1886-01-01,1841-01-01 UTC--1886-01-01 UTC,16436
1886-02-01,1841-01-01 UTC--1886-02-01 UTC,16467
1886-03-01,1841-01-01 UTC--1886-03-01 UTC,16495
1886-04-01,1841-01-01 UTC--1886-04-01 UTC,16526
1886-05-01,1841-01-01 UTC--1886-05-01 UTC,16556
1886-06-01,1841-01-01 UTC--1886-06-01 UTC,16587
1886-07-01,1841-01-01 UTC--1886-07-01 UTC,16617
1886-08-01,1841-01-01 UTC--1886-08-01 UTC,16648
1886-09-01,1841-01-01 UTC--1886-09-01 UTC,16679
1886-10-01,1841-01-01 UTC--1886-10-01 UTC,16709
1886-11-01,1841-01-01 UTC--1886-11-01 UTC,16740
1886-12-01,1841-01-01 UTC--1886-12-01 UTC,16770
1887-01-01,1841-01-01 UTC--1887-01-01 UTC,16801
1887-02-01,1841-01-01 UTC--1887-02-01 UTC,16832
1887-03-01,1841-01-01 UTC--1887-03-01 UTC,16860
1887-04-01,1841-01-01 UTC--1887-04-01 UTC,16891
1887-05-01,1841-01-01 UTC--1887-05-01 UTC,16921
1887-06-01,1841-01-01 UTC--1887-06-01 UTC,16952
1887-07-01,1841-01-01 UTC--1887-07-01 UTC,16982
1887-08-01,1841-01-01 UTC--1887-08-01 UTC,17013
1887-09-01,1841-01-01 UTC--1887-09-01 UTC,17044
1887-10-01,1841-01-01 UTC--1887-10-01 UTC,17074
1887-11-01,1841-01-01 UTC--1887-11-01 UTC,17105
1887-12-01,1841-01-01 UTC--1887-12-01 UTC,17135
1888-01-01,1841-01-01 UTC--1888-01-01 UTC,17166
1888-02-01,1841-01-01 UTC--1888-02-01 UTC,17197
1888-03-01,1841-01-01 UTC--1888-03-01 UTC,17226
1888-04-01,1841-01-01 UTC--1888-04-01 UTC,17257
1888-05-01,1841-01-01 UTC--1888-05-01 UTC,17287
1888-06-01,1841-01-01 UTC--1888-06-01 UTC,17318
1888-07-01,1841-01-01 UTC--1888-07-01 UTC,17348
1888-08-01,1841-01-01 UTC--1888-08-01 UTC,17379
1888-09-01,1841-01-01 UTC--1888-09-01 UTC,17410
1888-10-01,1841-01-01 UTC--1888-10-01 UTC,17440
1888-11-01,1841-01-01 UTC--1888-11-01 UTC,17471
1888-12-01,1841-01-01 UTC--1888-12-01 UTC,17501
1889-01-01,1841-01-01 UTC--1889-01-01 UTC,17532
1889-02-01,1841-01-01 UTC--1889-02-01 UTC,17563
1889-03-01,1841-01-01 UTC--1889-03-01 UTC,17591
1889-04-01,1841-01-01 UTC--1889-04-01 UTC,17622
1889-05-01,1841-01-01 UTC--1889-05-01 UTC,17652
1889-06-01,1841-01-01 UTC--1889-06-01 UTC,17683
1889-07-01,1841-01-01 UTC--1889-07-01 UTC,17713
1889-08-01,1841-01-01 UTC--1889-08-01 UTC,17744
1889-09-01,1841-01-01 UTC--1889-09-01 UTC,17775
1889-10-01,1841-01-01 UTC--1889-10-01 UTC,17805
1889-11-01,1841-01-01 UTC--1889-11-01 UTC,17836
1889-12-01,1841-01-01 UTC--1889-12-01 UTC,17866
1890-01-01,1841-01-01 UTC--1890-01-01 UTC,17897
1890-02-01,1841-01-01 UTC--1890-02-01 UTC,17928
1890-03-01,1841-01-01 UTC--1890-03-01 UTC,17956
1890-04-01,1841-01-01 UTC--1890-04-01 UTC,17987
1890-05-01,1841-01-01 UTC--1890-05-01 UTC,18017
1890-06-01,1841-01-01 UTC--1890-06-01 UTC,18048
1890-07-01,1841-01-01 UTC--1890-07-01 UTC,18078
1890-08-01,1841-01-01 UTC--1890-08-01 UTC,18109
1890-09-01,1841-01-01 UTC--1890-09-01 UTC,18140
1890-10-01,1841-01-01 UTC--1890-10-01 UTC,18170
1890-11-01,1841-01-01 UTC--1890-11-01 UTC,18201
1890-12-01,1841-01-01 UTC--1890-12-01 UTC,18231
1891-01-01,1841-01-01 UTC--1891-01-01 UTC,18262
1891-02-01,1841-01-01 UTC--1891-02-01 UTC,18293
1891-03-01,1841-01-01 UTC--1891-03-01 UTC,18321
1891-04-01,1841-01-01 UTC--1891-04-01 UTC,18352
1891-05-01,1841-01-01 UTC--1891-05-01 UTC,18382
1891-06-01,1841-01-01 UTC--1891-06-01 UTC,18413
1891-07-01,1841-01-01 UTC--1891-07-01 UTC,18443
1891-08-01,1841-01-01 UTC--1891-08-01 UTC,18474
1891-09-01,1841-01-01 UTC--1891-09-01 UTC,18505
1891-10-01,1841-01-01 UTC--1891-10-01 UTC,18535
1891-11-01,1841-01-01 UTC--1891-11-01 UTC,18566
1891-12-01,1841-01-01 UTC--1891-12-01 UTC,18596
1892-01-01,1841-01-01 UTC--1892-01-01 UTC,18627
1892-02-01,1841-01-01 UTC--1892-02-01 UTC,18658
1892-03-01,1841-01-01 UTC--1892-03-01 UTC,18687
1892-04-01,1841-01-01 UTC--1892-04-01 UTC,18718
1892-05-01,1841-01-01 UTC--1892-05-01 UTC,18748
1892-06-01,1841-01-01 UTC--1892-06-01 UTC,18779
1892-07-01,1841-01-01 UTC--1892-07-01 UTC,18809
1892-08-01,1841-01-01 UTC--1892-08-01 UTC,18840
1892-09-01,1841-01-01 UTC--1892-09-01 UTC,18871
1892-10-01,1841-01-01 UTC--1892-10-01 UTC,18901
1892-11-01,1841-01-01 UTC--1892-11-01 UTC,18932
1892-12-01,1841-01-01 UTC--1892-12-01 UTC,18962
1893-01-01,1841-01-01 UTC--1893-01-01 UTC,18993
1893-02-01,1841-01-01 UTC--1893-02-01 UTC,19024
1893-03-01,1841-01-01 UTC--1893-03-01 UTC,19052
1893-04-01,1841-01-01 UTC--1893-04-01 UTC,19083
1893-05-01,1841-01-01 UTC--1893-05-01 UTC,19113
1893-06-01,1841-01-01 UTC--1893-06-01 UTC,19144
1893-07-01,1841-01-01 UTC--1893-07-01 UTC,19174
1893-08-01,1841-01-01 UTC--1893-08-01 UTC,19205
1893-09-01,1841-01-01 UTC--1893-09-01 UTC,19236
1893-10-01,1841-01-01 UTC--1893-10-01 UTC,19266
1893-11-01,1841-01-01 UTC--1893-11-01 UTC,19297
1893-12-01,1841-01-01 UTC--1893-12-01 UTC,19327
1894-01-01,1841-01-01 UTC--1894-01-01 UTC,19358
1894-02-01,1841-01-01 UTC--1894-02-01 UTC,19389
1894-03-01,1841-01-01 UTC--1894-03-01 UTC,19417
1894-04-01,1841-01-01 UTC--1894-04-01 UTC,19448
1894-05-01,1841-01-01 UTC--1894-05-01 UTC,19478
1894-06-01,1841-01-01 UTC--1894-06-01 UTC,19509
1894-07-01,1841-01-01 UTC--1894-07-01 UTC,19539
1894-08-01,1841-01-01 UTC--1894-08-01 UTC,19570
1894-09-01,1841-01-01 UTC--1894-09-01 UTC,19601
1894-10-01,1841-01-01 UTC--1894-10-01 UTC,19631
1894-11-01,1841-01-01 UTC--1894-11-01 UTC,19662
1894-12-01,1841-01-01 UTC--1894-12-01 UTC,19692
1895-01-01,1841-01-01 UTC--1895-01-01 UTC,19723
1895-02-01,1841-01-01 UTC--1895-02-01 UTC,19754
1895-03-01,1841-01-01 UTC--1895-03-01 UTC,19782
1895-04-01,1841-01-01 UTC--1895-04-01 UTC,19813
1895-05-01,1841-01-01 UTC--1895-05-01 UTC,19843
1895-06-01,1841-01-01 UTC--1895-06-01 UTC,19874
1895-07-01,1841-01-01 UTC--1895-07-01 UTC,19904
1895-08-01,1841-01-01 UTC--1895-08-01 UTC,19935
1895-09-01,1841-01-01 UTC--1895-09-01 UTC,19966
1895-10-01,1841-01-01 UTC--1895-10-01 UTC,19996
1895-11-01,1841-01-01 UTC--1895-11-01 UTC,20027
1895-12-01,1841-01-01 UTC--1895-12-01 UTC,20057
1896-01-01,1841-01-01 UTC--1896-01-01 UTC,20088
1896-02-01,1841-01-01 UTC--1896-02-01 UTC,20119
1896-03-01,1841-01-01 UTC--1896-03-01 UTC,20148
1896-04-01,1841-01-01 UTC--1896-04-01 UTC,20179
1896-05-01,1841-01-01 UTC--1896-05-01 UTC,20209
1896-06-01,1841-01-01 UTC--1896-06-01 UTC,20240
1896-07-01,1841-01-01 UTC--1896-07-01 UTC,20270
1896-08-01,1841-01-01 UTC--1896-08-01 UTC,20301
1896-09-01,1841-01-01 UTC--1896-09-01 UTC,20332
1896-10-01,1841-01-01 UTC--1896-10-01 UTC,20362
1896-11-01,1841-01-01 UTC--1896-11-01 UTC,20393
1896-12-01,1841-01-01 UTC--1896-12-01 UTC,20423
1897-01-01,1841-01-01 UTC--1897-01-01 UTC,20454
1897-02-01,1841-01-01 UTC--1897-02-01 UTC,20485
1897-03-01,1841-01-01 UTC--1897-03-01 UTC,20513
1897-04-01,1841-01-01 UTC--1897-04-01 UTC,20544
1897-05-01,1841-01-01 UTC--1897-05-01 UTC,20574
1897-06-01,1841-01-01 UTC--1897-06-01 UTC,20605
1897-07-01,1841-01-01 UTC--1897-07-01 UTC,20635
1897-08-01,1841-01-01 UTC--1897-08-01 UTC,20666
1897-09-01,1841-01-01 UTC--1897-09-01 UTC,20697
1897-10-01,1841-01-01 UTC--1897-10-01 UTC,20727
1897-11-01,1841-01-01 UTC--1897-11-01 UTC,20758
1897-12-01,1841-01-01 UTC--1897-12-01 UTC,20788
1898-01-01,1841-01-01 UTC--1898-01-01 UTC,20819
1898-02-01,1841-01-01 UTC--1898-02-01 UTC,20850
1898-03-01,1841-01-01 UTC--1898-03-01 UTC,20878
1898-04-01,1841-01-01 UTC--1898-04-01 UTC,20909
1898-05-01,1841-01-01 UTC--1898-05-01 UTC,20939
1898-06-01,1841-01-01 UTC--1898-06-01 UTC,20970
1898-07-01,1841-01-01 UTC--1898-07-01 UTC,21000
1898-08-01,1841-01-01 UTC--1898-08-01 UTC,21031
1898-09-01,1841-01-01 UTC--1898-09-01 UTC,21062
1898-10-01,1841-01-01 UTC--1898-10-01 UTC,21092
1898-11-01,1841-01-01 UTC--1898-11-01 UTC,21123
1898-12-01,1841-01-01 UTC--1898-12-01 UTC,21153
1899-01-01,1841-01-01 UTC--1899-01-01 UTC,21184
1899-02-01,1841-01-01 UTC--1899-02-01 UTC,21215
1899-03-01,1841-01-01 UTC--1899-03-01 UTC,21243
1899-04-01,1841-01-01 UTC--1899-04-01 UTC,21274
1899-05-01,1841-01-01 UTC--1899-05-01 UTC,21304
1899-06-01,1841-01-01 UTC--1899-06-01 UTC,21335
1899-07-01,1841-01-01 UTC--1899-07-01 UTC,21365
1899-08-01,1841-01-01 UTC--1899-08-01 UTC,21396
1899-09-01,1841-01-01 UTC--1899-09-01 UTC,21427
1899-10-01,1841-01-01 UTC--1899-10-01 UTC,21457
1899-11-01,1841-01-01 UTC--1899-11-01 UTC,21488
1899-12-01,1841-01-01 UTC--1899-12-01 UTC,21518
1/1/00,1841-01-01 UTC--1900-01-01 UTC,21549
1/2/00,1841-01-01 UTC--1900-02-01 UTC,21580
1/3/00,1841-01-01 UTC--1900-03-01 UTC,21608
1/4/00,1841-01-01 UTC--1900-04-01 UTC,21639
1/5/00,1841-01-01 UTC--1900-05-01 UTC,21669
1/6/00,1841-01-01 UTC--1900-06-01 UTC,21700
1/7/00,1841-01-01 UTC--1900-07-01 UTC,21730
1/8/00,1841-01-01 UTC--1900-08-01 UTC,21761
1/9/00,1841-01-01 UTC--1900-09-01 UTC,21792
1/10/00,1841-01-01 UTC--1900-10-01 UTC,21822
1/11/00,1841-01-01 UTC--1900-11-01 UTC,21853
1/12/00,1841-01-01 UTC--1900-12-01 UTC,21883
1/1/01,1841-01-01 UTC--1901-01-01 UTC,21914
1/2/01,1841-01-01 UTC--1901-02-01 UTC,21945
1/3/01,1841-01-01 UTC--1901-03-01 UTC,21973
1/4/01,1841-01-01 UTC--1901-04-01 UTC,22004
1/5/01,1841-01-01 UTC--1901-05-01 UTC,22034
1/6/01,1841-01-01 UTC--1901-06-01 UTC,22065
1/7/01,1841-01-01 UTC--1901-07-01 UTC,22095
1/8/01,1841-01-01 UTC--1901-08-01 UTC,22126
1/9/01,1841-01-01 UTC--1901-09-01 UTC,22157
1/10/01,1841-01-01 UTC--1901-10-01 UTC,22187
1/11/01,1841-01-01 UTC--1901-11-01 UTC,22218
1/12/01,1841-01-01 UTC--1901-12-01 UTC,22248
1/1/02,1841-01-01 UTC--1902-01-01 UTC,22279
1/2/02,1841-01-01 UTC--1902-02-01 UTC,22310
1/3/02,1841-01-01 UTC--1902-03-01 UTC,22338
1/4/02,1841-01-01 UTC--1902-04-01 UTC,22369
1/5/02,1841-01-01 UTC--1902-05-01 UTC,22399
1/6/02,1841-01-01 UTC--1902-06-01 UTC,22430
1/7/02,1841-01-01 UTC--1902-07-01 UTC,22460
1/8/02,1841-01-01 UTC--1902-08-01 UTC,22491
1/9/02,1841-01-01 UTC--1902-09-01 UTC,22522
1/10/02,1841-01-01 UTC--1902-10-01 UTC,22552
1/11/02,1841-01-01 UTC--1902-11-01 UTC,22583
1/12/02,1841-01-01 UTC--1902-12-01 UTC,22613
1/1/03,1841-01-01 UTC--1903-01-01 UTC,22644
1/2/03,1841-01-01 UTC--1903-02-01 UTC,22675
1/3/03,1841-01-01 UTC--1903-03-01 UTC,22703
1/4/03,1841-01-01 UTC--1903-04-01 UTC,22734
1/5/03,1841-01-01 UTC--1903-05-01 UTC,22764
1/6/03,1841-01-01 UTC--1903-06-01 UTC,22795
1/7/03,1841-01-01 UTC--1903-07-01 UTC,22825
1/8/03,1841-01-01 UTC--1903-08-01 UTC,22856
1/9/03,1841-01-01 UTC--1903-09-01 UTC,22887
1/10/03,1841-01-01 UTC--1903-10-01 UTC,22917
1/11/03,1841-01-01 UTC--1903-11-01 UTC,22948
1/12/03,1841-01-01 UTC--1903-12-01 UTC,22978
1/1/04,1841-01-01 UTC--1904-01-01 UTC,23009
1/2/04,1841-01-01 UTC--1904-02-01 UTC,23040
1/3/04,1841-01-01 UTC--1904-03-01 UTC,23069
1/4/04,1841-01-01 UTC--1904-04-01 UTC,23100
1/5/04,1841-01-01 UTC--1904-05-01 UTC,23130
1/6/04,1841-01-01 UTC--1904-06-01 UTC,23161
1/7/04,1841-01-01 UTC--1904-07-01 UTC,23191
1/8/04,1841-01-01 UTC--1904-08-01 UTC,23222
1/9/04,1841-01-01 UTC--1904-09-01 UTC,23253
1/10/04,1841-01-01 UTC--1904-10-01 UTC,23283
1/11/04,1841-01-01 UTC--1904-11-01 UTC,23314
1/12/04,1841-01-01 UTC--1904-12-01 UTC,23344
1/1/05,1841-01-01 UTC--1905-01-01 UTC,23375
1/2/05,1841-01-01 UTC--1905-02-01 UTC,23406
1/3/05,1841-01-01 UTC--1905-03-01 UTC,23434
1/4/05,1841-01-01 UTC--1905-04-01 UTC,23465
1/5/05,1841-01-01 UTC--1905-05-01 UTC,23495
1/6/05,1841-01-01 UTC--1905-06-01 UTC,23526
1/7/05,1841-01-01 UTC--1905-07-01 UTC,23556
1/8/05,1841-01-01 UTC--1905-08-01 UTC,23587
1/9/05,1841-01-01 UTC--1905-09-01 UTC,23618
1/10/05,1841-01-01 UTC--1905-10-01 UTC,23648
1/11/05,1841-01-01 UTC--1905-11-01 UTC,23679
1/12/05,1841-01-01 UTC--1905-12-01 UTC,23709
1/1/06,1841-01-01 UTC--1906-01-01 UTC,23740
1/2/06,1841-01-01 UTC--1906-02-01 UTC,23771
1/3/06,1841-01-01 UTC--1906-03-01 UTC,23799
1/4/06,1841-01-01 UTC--1906-04-01 UTC,23830
1/5/06,1841-01-01 UTC--1906-05-01 UTC,23860
1/6/06,1841-01-01 UTC--1906-06-01 UTC,23891
1/7/06,1841-01-01 UTC--1906-07-01 UTC,23921
1/8/06,1841-01-01 UTC--1906-08-01 UTC,23952
1/9/06,1841-01-01 UTC--1906-09-01 UTC,23983
1/10/06,1841-01-01 UTC--1906-10-01 UTC,24013
1/11/06,1841-01-01 UTC--1906-11-01 UTC,24044
1/12/06,1841-01-01 UTC--1906-12-01 UTC,24074
1/1/07,1841-01-01 UTC--1907-01-01 UTC,24105
1/2/07,1841-01-01 UTC--1907-02-01 UTC,24136
1/3/07,1841-01-01 UTC--1907-03-01 UTC,24164
1/4/07,1841-01-01 UTC--1907-04-01 UTC,24195
1/5/07,1841-01-01 UTC--1907-05-01 UTC,24225
1/6/07,1841-01-01 UTC--1907-06-01 UTC,24256
1/7/07,1841-01-01 UTC--1907-07-01 UTC,24286
1/8/07,1841-01-01 UTC--1907-08-01 UTC,24317
1/9/07,1841-01-01 UTC--1907-09-01 UTC,24348
1/10/07,1841-01-01 UTC--1907-10-01 UTC,24378
1/11/07,1841-01-01 UTC--1907-11-01 UTC,24409
1/12/07,1841-01-01 UTC--1907-12-01 UTC,24439
1/1/08,1841-01-01 UTC--1908-01-01 UTC,24470
1/2/08,1841-01-01 UTC--1908-02-01 UTC,24501
1/3/08,1841-01-01 UTC--1908-03-01 UTC,24530
1/4/08,1841-01-01 UTC--1908-04-01 UTC,24561
1/5/08,1841-01-01 UTC--1908-05-01 UTC,24591
1/6/08,1841-01-01 UTC--1908-06-01 UTC,24622
1/7/08,1841-01-01 UTC--1908-07-01 UTC,24652
1/8/08,1841-01-01 UTC--1908-08-01 UTC,24683
1/9/08,1841-01-01 UTC--1908-09-01 UTC,24714
1/10/08,1841-01-01 UTC--1908-10-01 UTC,24744
1/11/08,1841-01-01 UTC--1908-11-01 UTC,24775
1/12/08,1841-01-01 UTC--1908-12-01 UTC,24805
1/1/09,1841-01-01 UTC--1909-01-01 UTC,24836
1/2/09,1841-01-01 UTC--1909-02-01 UTC,24867
1/3/09,1841-01-01 UTC--1909-03-01 UTC,24895
1/4/09,1841-01-01 UTC--1909-04-01 UTC,24926
1/5/09,1841-01-01 UTC--1909-05-01 UTC,24956
1/6/09,1841-01-01 UTC--1909-06-01 UTC,24987
1/7/09,1841-01-01 UTC--1909-07-01 UTC,25017
1/8/09,1841-01-01 UTC--1909-08-01 UTC,25048
1/9/09,1841-01-01 UTC--1909-09-01 UTC,25079
1/10/09,1841-01-01 UTC--1909-10-01 UTC,25109
1/11/09,1841-01-01 UTC--1909-11-01 UTC,25140
1/12/09,1841-01-01 UTC--1909-12-01 UTC,25170
1/1/10,1841-01-01 UTC--1910-01-01 UTC,25201
1/2/10,1841-01-01 UTC--1910-02-01 UTC,25232
1/3/10,1841-01-01 UTC--1910-03-01 UTC,25260
1/4/10,1841-01-01 UTC--1910-04-01 UTC,25291
1/5/10,1841-01-01 UTC--1910-05-01 UTC,25321
1/6/10,1841-01-01 UTC--1910-06-01 UTC,25352
1/7/10,1841-01-01 UTC--1910-07-01 UTC,25382
1/8/10,1841-01-01 UTC--1910-08-01 UTC,25413
1/9/10,1841-01-01 UTC--1910-09-01 UTC,25444
1/10/10,1841-01-01 UTC--1910-10-01 UTC,25474
1/11/10,1841-01-01 UTC--1910-11-01 UTC,25505
1/12/10,1841-01-01 UTC--1910-12-01 UTC,25535
1/1/11,1841-01-01 UTC--1911-01-01 UTC,25566
1/2/11,1841-01-01 UTC--1911-02-01 UTC,25597
1/3/11,1841-01-01 UTC--1911-03-01 UTC,25625
1/4/11,1841-01-01 UTC--1911-04-01 UTC,25656
1/5/11,1841-01-01 UTC--1911-05-01 UTC,25686
1/6/11,1841-01-01 UTC--1911-06-01 UTC,25717
1/7/11,1841-01-01 UTC--1911-07-01 UTC,25747
1/8/11,1841-01-01 UTC--1911-08-01 UTC,25778
1/9/11,1841-01-01 UTC--1911-09-01 UTC,25809
1/10/11,1841-01-01 UTC--1911-10-01 UTC,25839
1/11/11,1841-01-01 UTC--1911-11-01 UTC,25870
1/12/11,1841-01-01 UTC--1911-12-01 UTC,25900
1/1/12,1841-01-01 UTC--1912-01-01 UTC,25931
1/2/12,1841-01-01 UTC--1912-02-01 UTC,25962
1/3/12,1841-01-01 UTC--1912-03-01 UTC,25991
1/4/12,1841-01-01 UTC--1912-04-01 UTC,26022
1/5/12,1841-01-01 UTC--1912-05-01 UTC,26052
1/6/12,1841-01-01 UTC--1912-06-01 UTC,26083
1/7/12,1841-01-01 UTC--1912-07-01 UTC,26113
1/8/12,1841-01-01 UTC--1912-08-01 UTC,26144
1/9/12,1841-01-01 UTC--1912-09-01 UTC,26175
1/10/12,1841-01-01 UTC--1912-10-01 UTC,26205
1/11/12,1841-01-01 UTC--1912-11-01 UTC,26236
1/12/12,1841-01-01 UTC--1912-12-01 UTC,26266
1/1/13,1841-01-01 UTC--1913-01-01 UTC,26297
1/2/13,1841-01-01 UTC--1913-02-01 UTC,26328
1/3/13,1841-01-01 UTC--1913-03-01 UTC,26356
1/4/13,1841-01-01 UTC--1913-04-01 UTC,26387
1/5/13,1841-01-01 UTC--1913-05-01 UTC,26417
1/6/13,1841-01-01 UTC--1913-06-01 UTC,26448
1/7/13,1841-01-01 UTC--1913-07-01 UTC,26478
1/8/13,1841-01-01 UTC--1913-08-01 UTC,26509
1/9/13,1841-01-01 UTC--1913-09-01 UTC,26540
1/10/13,1841-01-01 UTC--1913-10-01 UTC,26570
1/11/13,1841-01-01 UTC--1913-11-01 UTC,26601
1/12/13,1841-01-01 UTC--1913-12-01 UTC,26631
1/1/14,1841-01-01 UTC--1914-01-01 UTC,26662
1/2/14,1841-01-01 UTC--1914-02-01 UTC,26693
1/3/14,1841-01-01 UTC--1914-03-01 UTC,26721
1/4/14,1841-01-01 UTC--1914-04-01 UTC,26752
1/5/14,1841-01-01 UTC--1914-05-01 UTC,26782
1/6/14,1841-01-01 UTC--1914-06-01 UTC,26813
1/7/14,1841-01-01 UTC--1914-07-01 UTC,26843
1/8/14,1841-01-01 UTC--1914-08-01 UTC,26874
1/9/14,1841-01-01 UTC--1914-09-01 UTC,26905
1/10/14,1841-01-01 UTC--1914-10-01 UTC,26935
1/11/14,1841-01-01 UTC--1914-11-01 UTC,26966
1/12/14,1841-01-01 UTC--1914-12-01 UTC,26996
1/1/15,1841-01-01 UTC--1915-01-01 UTC,27027
1/2/15,1841-01-01 UTC--1915-02-01 UTC,27058
1/3/15,1841-01-01 UTC--1915-03-01 UTC,27086
1/4/15,1841-01-01 UTC--1915-04-01 UTC,27117
1/5/15,1841-01-01 UTC--1915-05-01 UTC,27147
1/6/15,1841-01-01 UTC--1915-06-01 UTC,27178
1/7/15,1841-01-01 UTC--1915-07-01 UTC,27208
1/8/15,1841-01-01 UTC--1915-08-01 UTC,27239
1/9/15,1841-01-01 UTC--1915-09-01 UTC,27270
1/10/15,1841-01-01 UTC--1915-10-01 UTC,27300
1/11/15,1841-01-01 UTC--1915-11-01 UTC,27331
1/12/15,1841-01-01 UTC--1915-12-01 UTC,27361
1/1/16,1841-01-01 UTC--1916-01-01 UTC,27392
1/2/16,1841-01-01 UTC--1916-02-01 UTC,27423
1/3/16,1841-01-01 UTC--1916-03-01 UTC,27452
1/4/16,1841-01-01 UTC--1916-04-01 UTC,27483
1/5/16,1841-01-01 UTC--1916-05-01 UTC,27513
1/6/16,1841-01-01 UTC--1916-06-01 UTC,27544
1/7/16,1841-01-01 UTC--1916-07-01 UTC,27574
1/8/16,1841-01-01 UTC--1916-08-01 UTC,27605
1/9/16,1841-01-01 UTC--1916-09-01 UTC,27636
1/10/16,1841-01-01 UTC--1916-10-01 UTC,27666
1/11/16,1841-01-01 UTC--1916-11-01 UTC,27697
1/12/16,1841-01-01 UTC--1916-12-01 UTC,27727
1/1/17,1841-01-01 UTC--1917-01-01 UTC,27758
1/2/17,1841-01-01 UTC--1917-02-01 UTC,27789
1/3/17,1841-01-01 UTC--1917-03-01 UTC,27817
1/4/17,1841-01-01 UTC--1917-04-01 UTC,27848
1/5/17,1841-01-01 UTC--1917-05-01 UTC,27878
1/6/17,1841-01-01 UTC--1917-06-01 UTC,27909
1/7/17,1841-01-01 UTC--1917-07-01 UTC,27939
1/8/17,1841-01-01 UTC--1917-08-01 UTC,27970
1/9/17,1841-01-01 UTC--1917-09-01 UTC,28001
1/10/17,1841-01-01 UTC--1917-10-01 UTC,28031
1/11/17,1841-01-01 UTC--1917-11-01 UTC,28062
1/12/17,1841-01-01 UTC--1917-12-01 UTC,28092
1/1/18,1841-01-01 UTC--1918-01-01 UTC,28123
1/2/18,1841-01-01 UTC--1918-02-01 UTC,28154
1/3/18,1841-01-01 UTC--1918-03-01 UTC,28182
1/4/18,1841-01-01 UTC--1918-04-01 UTC,28213
1/5/18,1841-01-01 UTC--1918-05-01 UTC,28243
1/6/18,1841-01-01 UTC--1918-06-01 UTC,28274
1/7/18,1841-01-01 UTC--1918-07-01 UTC,28304
1/8/18,1841-01-01 UTC--1918-08-01 UTC,28335
1/9/18,1841-01-01 UTC--1918-09-01 UTC,28366
1/10/18,1841-01-01 UTC--1918-10-01 UTC,28396
1/11/18,1841-01-01 UTC--1918-11-01 UTC,28427
1/12/18,1841-01-01 UTC--1918-12-01 UTC,28457
1/1/19,1841-01-01 UTC--1919-01-01 UTC,28488
1/2/19,1841-01-01 UTC--1919-02-01 UTC,28519
1/3/19,1841-01-01 UTC--1919-03-01 UTC,28547
1/4/19,1841-01-01 UTC--1919-04-01 UTC,28578
1/5/19,1841-01-01 UTC--1919-05-01 UTC,28608
1/6/19,1841-01-01 UTC--1919-06-01 UTC,28639
1/7/19,1841-01-01 UTC--1919-07-01 UTC,28669
1/8/19,1841-01-01 UTC--1919-08-01 UTC,28700
1/9/19,1841-01-01 UTC--1919-09-01 UTC,28731
1/10/19,1841-01-01 UTC--1919-10-01 UTC,28761
1/11/19,1841-01-01 UTC--1919-11-01 UTC,28792
1/12/19,1841-01-01 UTC--1919-12-01 UTC,28822
1/1/20,1841-01-01 UTC--1920-01-01 UTC,28853
1/2/20,1841-01-01 UTC--1920-02-01 UTC,28884
1/3/20,1841-01-01 UTC--1920-03-01 UTC,28913
1/4/20,1841-01-01 UTC--1920-04-01 UTC,28944
1/5/20,1841-01-01 UTC--1920-05-01 UTC,28974
1/6/20,1841-01-01 UTC--1920-06-01 UTC,29005
1/7/20,1841-01-01 UTC--1920-07-01 UTC,29035
1/8/20,1841-01-01 UTC--1920-08-01 UTC,29066
1/9/20,1841-01-01 UTC--1920-09-01 UTC,29097
1/10/20,1841-01-01 UTC--1920-10-01 UTC,29127
1/11/20,1841-01-01 UTC--1920-11-01 UTC,29158
1/12/20,1841-01-01 UTC--1920-12-01 UTC,29188
1/1/21,1841-01-01 UTC--1921-01-01 UTC,29219
1/2/21,1841-01-01 UTC--1921-02-01 UTC,29250
1/3/21,1841-01-01 UTC--1921-03-01 UTC,29278
1/4/21,1841-01-01 UTC--1921-04-01 UTC,29309
1/5/21,1841-01-01 UTC--1921-05-01 UTC,29339
1/6/21,1841-01-01 UTC--1921-06-01 UTC,29370
1/7/21,1841-01-01 UTC--1921-07-01 UTC,29400
1/8/21,1841-01-01 UTC--1921-08-01 UTC,29431
1/9/21,1841-01-01 UTC--1921-09-01 UTC,29462
1/10/21,1841-01-01 UTC--1921-10-01 UTC,29492
1/11/21,1841-01-01 UTC--1921-11-01 UTC,29523
1/12/21,1841-01-01 UTC--1921-12-01 UTC,29553
1/1/22,1841-01-01 UTC--1922-01-01 UTC,29584
1/2/22,1841-01-01 UTC--1922-02-01 UTC,29615
1/3/22,1841-01-01 UTC--1922-03-01 UTC,29643
1/4/22,1841-01-01 UTC--1922-04-01 UTC,29674
1/5/22,1841-01-01 UTC--1922-05-01 UTC,29704
1/6/22,1841-01-01 UTC--1922-06-01 UTC,29735
1/7/22,1841-01-01 UTC--1922-07-01 UTC,29765
1/8/22,1841-01-01 UTC--1922-08-01 UTC,29796
1/9/22,1841-01-01 UTC--1922-09-01 UTC,29827
1/10/22,1841-01-01 UTC--1922-10-01 UTC,29857
1/11/22,1841-01-01 UTC--1922-11-01 UTC,29888
1/12/22,1841-01-01 UTC--1922-12-01 UTC,29918
1/1/23,1841-01-01 UTC--1923-01-01 UTC,29949
1/2/23,1841-01-01 UTC--1923-02-01 UTC,29980
1/3/23,1841-01-01 UTC--1923-03-01 UTC,30008
1/4/23,1841-01-01 UTC--1923-04-01 UTC,30039
1/5/23,1841-01-01 UTC--1923-05-01 UTC,30069
1/6/23,1841-01-01 UTC--1923-06-01 UTC,30100
1/7/23,1841-01-01 UTC--1923-07-01 UTC,30130
1/8/23,1841-01-01 UTC--1923-08-01 UTC,30161
1/9/23,1841-01-01 UTC--1923-09-01 UTC,30192
1/10/23,1841-01-01 UTC--1923-10-01 UTC,30222
1/11/23,1841-01-01 UTC--1923-11-01 UTC,30253
1/12/23,1841-01-01 UTC--1923-12-01 UTC,30283
1/1/24,1841-01-01 UTC--1924-01-01 UTC,30314
1/2/24,1841-01-01 UTC--1924-02-01 UTC,30345
1/3/24,1841-01-01 UTC--1924-03-01 UTC,30374
1/4/24,1841-01-01 UTC--1924-04-01 UTC,30405
1/5/24,1841-01-01 UTC--1924-05-01 UTC,30435
1/6/24,1841-01-01 UTC--1924-06-01 UTC,30466
1/7/24,1841-01-01 UTC--1924-07-01 UTC,30496
1/8/24,1841-01-01 UTC--1924-08-01 UTC,30527
1/9/24,1841-01-01 UTC--1924-09-01 UTC,30558
1/10/24,1841-01-01 UTC--1924-10-01 UTC,30588
1/11/24,1841-01-01 UTC--1924-11-01 UTC,30619
1/12/24,1841-01-01 UTC--1924-12-01 UTC,30649
1/1/25,1841-01-01 UTC--1925-01-01 UTC,30680
1/2/25,1841-01-01 UTC--1925-02-01 UTC,30711
1/3/25,1841-01-01 UTC--1925-03-01 UTC,30739
1/4/25,1841-01-01 UTC--1925-04-01 UTC,30770
1/5/25,1841-01-01 UTC--1925-05-01 UTC,30800
1/6/25,1841-01-01 UTC--1925-06-01 UTC,30831
1/7/25,1841-01-01 UTC--1925-07-01 UTC,30861
1/8/25,1841-01-01 UTC--1925-08-01 UTC,30892
1/9/25,1841-01-01 UTC--1925-09-01 UTC,30923
1/10/25,1841-01-01 UTC--1925-10-01 UTC,30953
1/11/25,1841-01-01 UTC--1925-11-01 UTC,30984
1/12/25,1841-01-01 UTC--1925-12-01 UTC,31014
1/1/26,1841-01-01 UTC--1926-01-01 UTC,31045
1/2/26,1841-01-01 UTC--1926-02-01 UTC,31076
1/3/26,1841-01-01 UTC--1926-03-01 UTC,31104
1/4/26,1841-01-01 UTC--1926-04-01 UTC,31135
1/5/26,1841-01-01 UTC--1926-05-01 UTC,31165
1/6/26,1841-01-01 UTC--1926-06-01 UTC,31196
1/7/26,1841-01-01 UTC--1926-07-01 UTC,31226
1/8/26,1841-01-01 UTC--1926-08-01 UTC,31257
1/9/26,1841-01-01 UTC--1926-09-01 UTC,31288
1/10/26,1841-01-01 UTC--1926-10-01 UTC,31318
1/11/26,1841-01-01 UTC--1926-11-01 UTC,31349
1/12/26,1841-01-01 UTC--1926-12-01 UTC,31379
1/1/27,1841-01-01 UTC--1927-01-01 UTC,31410
1/2/27,1841-01-01 UTC--1927-02-01 UTC,31441
1/3/27,1841-01-01 UTC--1927-03-01 UTC,31469
1/4/27,1841-01-01 UTC--1927-04-01 UTC,31500
1/5/27,1841-01-01 UTC--1927-05-01 UTC,31530
1/6/27,1841-01-01 UTC--1927-06-01 UTC,31561
1/7/27,1841-01-01 UTC--1927-07-01 UTC,31591
1/8/27,1841-01-01 UTC--1927-08-01 UTC,31622
1/9/27,1841-01-01 UTC--1927-09-01 UTC,31653
1/10/27,1841-01-01 UTC--1927-10-01 UTC,31683
1/11/27,1841-01-01 UTC--1927-11-01 UTC,31714
1/12/27,1841-01-01 UTC--1927-12-01 UTC,31744
1/1/28,1841-01-01 UTC--1928-01-01 UTC,31775
1/2/28,1841-01-01 UTC--1928-02-01 UTC,31806
1/3/28,1841-01-01 UTC--1928-03-01 UTC,31835
1/4/28,1841-01-01 UTC--1928-04-01 UTC,31866
1/5/28,1841-01-01 UTC--1928-05-01 UTC,31896
1/6/28,1841-01-01 UTC--1928-06-01 UTC,31927
1/7/28,1841-01-01 UTC--1928-07-01 UTC,31957
1/8/28,1841-01-01 UTC--1928-08-01 UTC,31988
1/9/28,1841-01-01 UTC--1928-09-01 UTC,32019
1/10/28,1841-01-01 UTC--1928-10-01 UTC,32049
1/11/28,1841-01-01 UTC--1928-11-01 UTC,32080
1/12/28,1841-01-01 UTC--1928-12-01 UTC,32110
1/1/29,1841-01-01 UTC--1929-01-01 UTC,32141
1/2/29,1841-01-01 UTC--1929-02-01 UTC,32172
1/3/29,1841-01-01 UTC--1929-03-01 UTC,32200
1/4/29,1841-01-01 UTC--1929-04-01 UTC,32231
1/5/29,1841-01-01 UTC--1929-05-01 UTC,32261
1/6/29,1841-01-01 UTC--1929-06-01 UTC,32292
1/7/29,1841-01-01 UTC--1929-07-01 UTC,32322
1/8/29,1841-01-01 UTC--1929-08-01 UTC,32353
1/9/29,1841-01-01 UTC--1929-09-01 UTC,32384
1/10/29,1841-01-01 UTC--1929-10-01 UTC,32414
1/11/29,1841-01-01 UTC--1929-11-01 UTC,32445
1/12/29,1841-01-01 UTC--1929-12-01 UTC,32475
1/1/30,1841-01-01 UTC--1930-01-01 UTC,32506
1/2/30,1841-01-01 UTC--1930-02-01 UTC,32537
1/3/30,1841-01-01 UTC--1930-03-01 UTC,32565
1/4/30,1841-01-01 UTC--1930-04-01 UTC,32596
1/5/30,1841-01-01 UTC--1930-05-01 UTC,32626
1/6/30,1841-01-01 UTC--1930-06-01 UTC,32657
1/7/30,1841-01-01 UTC--1930-07-01 UTC,32687
1/8/30,1841-01-01 UTC--1930-08-01 UTC,32718
1/9/30,1841-01-01 UTC--1930-09-01 UTC,32749
1/10/30,1841-01-01 UTC--1930-10-01 UTC,32779
1/11/30,1841-01-01 UTC--1930-11-01 UTC,32810
1/12/30,1841-01-01 UTC--1930-12-01 UTC,32840
1/1/31,1841-01-01 UTC--1931-01-01 UTC,32871
1/2/31,1841-01-01 UTC--1931-02-01 UTC,32902
1/3/31,1841-01-01 UTC--1931-03-01 UTC,32930
1/4/31,1841-01-01 UTC--1931-04-01 UTC,32961
1/5/31,1841-01-01 UTC--1931-05-01 UTC,32991
1/6/31,1841-01-01 UTC--1931-06-01 UTC,33022
1/7/31,1841-01-01 UTC--1931-07-01 UTC,33052
1/8/31,1841-01-01 UTC--1931-08-01 UTC,33083
1/9/31,1841-01-01 UTC--1931-09-01 UTC,33114
1/10/31,1841-01-01 UTC--1931-10-01 UTC,33144
1/11/31,1841-01-01 UTC--1931-11-01 UTC,33175
1/12/31,1841-01-01 UTC--1931-12-01 UTC,33205
1/1/32,1841-01-01 UTC--1932-01-01 UTC,33236
1/2/32,1841-01-01 UTC--1932-02-01 UTC,33267
1/3/32,1841-01-01 UTC--1932-03-01 UTC,33296
1/4/32,1841-01-01 UTC--1932-04-01 UTC,33327
1/5/32,1841-01-01 UTC--1932-05-01 UTC,33357
1/6/32,1841-01-01 UTC--1932-06-01 UTC,33388
1/7/32,1841-01-01 UTC--1932-07-01 UTC,33418
1/8/32,1841-01-01 UTC--1932-08-01 UTC,33449
1/9/32,1841-01-01 UTC--1932-09-01 UTC,33480
1/10/32,1841-01-01 UTC--1932-10-01 UTC,33510
1/11/32,1841-01-01 UTC--1932-11-01 UTC,33541
1/12/32,1841-01-01 UTC--1932-12-01 UTC,33571
1/1/33,1841-01-01 UTC--1933-01-01 UTC,33602
1/2/33,1841-01-01 UTC--1933-02-01 UTC,33633
1/3/33,1841-01-01 UTC--1933-03-01 UTC,33661
1/4/33,1841-01-01 UTC--1933-04-01 UTC,33692
1/5/33,1841-01-01 UTC--1933-05-01 UTC,33722
1/6/33,1841-01-01 UTC--1933-06-01 UTC,33753
1/7/33,1841-01-01 UTC--1933-07-01 UTC,33783
1/8/33,1841-01-01 UTC--1933-08-01 UTC,33814
1/9/33,1841-01-01 UTC--1933-09-01 UTC,33845
1/10/33,1841-01-01 UTC--1933-10-01 UTC,33875
1/11/33,1841-01-01 UTC--1933-11-01 UTC,33906
1/12/33,1841-01-01 UTC--1933-12-01 UTC,33936
1/1/34,1841-01-01 UTC--1934-01-01 UTC,33967
1/2/34,1841-01-01 UTC--1934-02-01 UTC,33998
1/3/34,1841-01-01 UTC--1934-03-01 UTC,34026
1/4/34,1841-01-01 UTC--1934-04-01 UTC,34057
1/5/34,1841-01-01 UTC--1934-05-01 UTC,34087
1/6/34,1841-01-01 UTC--1934-06-01 UTC,34118
1/7/34,1841-01-01 UTC--1934-07-01 UTC,34148
1/8/34,1841-01-01 UTC--1934-08-01 UTC,34179
1/9/34,1841-01-01 UTC--1934-09-01 UTC,34210
1/10/34,1841-01-01 UTC--1934-10-01 UTC,34240
1/11/34,1841-01-01 UTC--1934-11-01 UTC,34271
1/12/34,1841-01-01 UTC--1934-12-01 UTC,34301
1/1/35,1841-01-01 UTC--1935-01-01 UTC,34332
1/2/35,1841-01-01 UTC--1935-02-01 UTC,34363
1/3/35,1841-01-01 UTC--1935-03-01 UTC,34391
1/4/35,1841-01-01 UTC--1935-04-01 UTC,34422
1/5/35,1841-01-01 UTC--1935-05-01 UTC,34452
1/6/35,1841-01-01 UTC--1935-06-01 UTC,34483
1/7/35,1841-01-01 UTC--1935-07-01 UTC,34513
1/8/35,1841-01-01 UTC--1935-08-01 UTC,34544
1/9/35,1841-01-01 UTC--1935-09-01 UTC,34575
1/10/35,1841-01-01 UTC--1935-10-01 UTC,34605
1/11/35,1841-01-01 UTC--1935-11-01 UTC,34636
1/12/35,1841-01-01 UTC--1935-12-01 UTC,34666
1/1/36,1841-01-01 UTC--1936-01-01 UTC,34697
1/2/36,1841-01-01 UTC--1936-02-01 UTC,34728
1/3/36,1841-01-01 UTC--1936-03-01 UTC,34757
1/4/36,1841-01-01 UTC--1936-04-01 UTC,34788
1/5/36,1841-01-01 UTC--1936-05-01 UTC,34818
1/6/36,1841-01-01 UTC--1936-06-01 UTC,34849
1/7/36,1841-01-01 UTC--1936-07-01 UTC,34879
1/8/36,1841-01-01 UTC--1936-08-01 UTC,34910
1/9/36,1841-01-01 UTC--1936-09-01 UTC,34941
1/10/36,1841-01-01 UTC--1936-10-01 UTC,34971
1/11/36,1841-01-01 UTC--1936-11-01 UTC,35002
1/12/36,1841-01-01 UTC--1936-12-01 UTC,35032
1/1/37,1841-01-01 UTC--1937-01-01 UTC,35063
1/2/37,1841-01-01 UTC--1937-02-01 UTC,35094
1/3/37,1841-01-01 UTC--1937-03-01 UTC,35122
1/4/37,1841-01-01 UTC--1937-04-01 UTC,35153
1/5/37,1841-01-01 UTC--1937-05-01 UTC,35183
1/6/37,1841-01-01 UTC--1937-06-01 UTC,35214
1/7/37,1841-01-01 UTC--1937-07-01 UTC,35244
1/8/37,1841-01-01 UTC--1937-08-01 UTC,35275
1/9/37,1841-01-01 UTC--1937-09-01 UTC,35306
1/10/37,1841-01-01 UTC--1937-10-01 UTC,35336
1/11/37,1841-01-01 UTC--1937-11-01 UTC,35367
1/12/37,1841-01-01 UTC--1937-12-01 UTC,35397
1/1/38,1841-01-01 UTC--1938-01-01 UTC,35428
1/2/38,1841-01-01 UTC--1938-02-01 UTC,35459
1/3/38,1841-01-01 UTC--1938-03-01 UTC,35487
1/4/38,1841-01-01 UTC--1938-04-01 UTC,35518
1/5/38,1841-01-01 UTC--1938-05-01 UTC,35548
1/6/38,1841-01-01 UTC--1938-06-01 UTC,35579
1/7/38,1841-01-01 UTC--1938-07-01 UTC,35609
1/8/38,1841-01-01 UTC--1938-08-01 UTC,35640
1/9/38,1841-01-01 UTC--1938-09-01 UTC,35671
1/10/38,1841-01-01 UTC--1938-10-01 UTC,35701
1/11/38,1841-01-01 UTC--1938-11-01 UTC,35732
1/12/38,1841-01-01 UTC--1938-12-01 UTC,35762
1/1/39,1841-01-01 UTC--1939-01-01 UTC,35793
1/2/39,1841-01-01 UTC--1939-02-01 UTC,35824
1/3/39,1841-01-01 UTC--1939-03-01 UTC,35852
1/4/39,1841-01-01 UTC--1939-04-01 UTC,35883
1/5/39,1841-01-01 UTC--1939-05-01 UTC,35913
1/6/39,1841-01-01 UTC--1939-06-01 UTC,35944
1/7/39,1841-01-01 UTC--1939-07-01 UTC,35974
1/8/39,1841-01-01 UTC--1939-08-01 UTC,36005
1/9/39,1841-01-01 UTC--1939-09-01 UTC,36036
1/10/39,1841-01-01 UTC--1939-10-01 UTC,36066
1/11/39,1841-01-01 UTC--1939-11-01 UTC,36097
1/12/39,1841-01-01 UTC--1939-12-01 UTC,36127
1/1/40,1841-01-01 UTC--1940-01-01 UTC,36158
1/2/40,1841-01-01 UTC--1940-02-01 UTC,36189
1/3/40,1841-01-01 UTC--1940-03-01 UTC,36218
1/4/40,1841-01-01 UTC--1940-04-01 UTC,36249
1/5/40,1841-01-01 UTC--1940-05-01 UTC,36279
1/6/40,1841-01-01 UTC--1940-06-01 UTC,36310
1/7/40,1841-01-01 UTC--1940-07-01 UTC,36340
1/8/40,1841-01-01 UTC--1940-08-01 UTC,36371
1/9/40,1841-01-01 UTC--1940-09-01 UTC,36402
1/10/40,1841-01-01 UTC--1940-10-01 UTC,36432
1/11/40,1841-01-01 UTC--1940-11-01 UTC,36463
1/12/40,1841-01-01 UTC--1940-12-01 UTC,36493
1/1/41,1841-01-01 UTC--1941-01-01 UTC,36524
1/2/41,1841-01-01 UTC--1941-02-01 UTC,36555
1/3/41,1841-01-01 UTC--1941-03-01 UTC,36583
1/4/41,1841-01-01 UTC--1941-04-01 UTC,36614
1/5/41,1841-01-01 UTC--1941-05-01 UTC,36644
1/6/41,1841-01-01 UTC--1941-06-01 UTC,36675
1/7/41,1841-01-01 UTC--1941-07-01 UTC,36705
1/8/41,1841-01-01 UTC--1941-08-01 UTC,36736
1/9/41,1841-01-01 UTC--1941-09-01 UTC,36767
1/10/41,1841-01-01 UTC--1941-10-01 UTC,36797
1/11/41,1841-01-01 UTC--1941-11-01 UTC,36828
1/12/41,1841-01-01 UTC--1941-12-01 UTC,36858
1/1/42,1841-01-01 UTC--1942-01-01 UTC,36889
1/2/42,1841-01-01 UTC--1942-02-01 UTC,36920
1/3/42,1841-01-01 UTC--1942-03-01 UTC,36948
1/4/42,1841-01-01 UTC--1942-04-01 UTC,36979
1/5/42,1841-01-01 UTC--1942-05-01 UTC,37009
1/6/42,1841-01-01 UTC--1942-06-01 UTC,37040
1/7/42,1841-01-01 UTC--1942-07-01 UTC,37070
1/8/42,1841-01-01 UTC--1942-08-01 UTC,37101
1/9/42,1841-01-01 UTC--1942-09-01 UTC,37132
1/10/42,1841-01-01 UTC--1942-10-01 UTC,37162
1/11/42,1841-01-01 UTC--1942-11-01 UTC,37193
1/12/42,1841-01-01 UTC--1942-12-01 UTC,37223
1/1/43,1841-01-01 UTC--1943-01-01 UTC,37254
1/2/43,1841-01-01 UTC--1943-02-01 UTC,37285
1/3/43,1841-01-01 UTC--1943-03-01 UTC,37313
1/4/43,1841-01-01 UTC--1943-04-01 UTC,37344
1/5/43,1841-01-01 UTC--1943-05-01 UTC,37374
1/6/43,1841-01-01 UTC--1943-06-01 UTC,37405
1/7/43,1841-01-01 UTC--1943-07-01 UTC,37435
1/8/43,1841-01-01 UTC--1943-08-01 UTC,37466
1/9/43,1841-01-01 UTC--1943-09-01 UTC,37497
1/10/43,1841-01-01 UTC--1943-10-01 UTC,37527
1/11/43,1841-01-01 UTC--1943-11-01 UTC,37558
1/12/43,1841-01-01 UTC--1943-12-01 UTC,37588
1/1/44,1841-01-01 UTC--1944-01-01 UTC,37619
1/2/44,1841-01-01 UTC--1944-02-01 UTC,37650
1/3/44,1841-01-01 UTC--1944-03-01 UTC,37679
1/4/44,1841-01-01 UTC--1944-04-01 UTC,37710
1/5/44,1841-01-01 UTC--1944-05-01 UTC,37740
1/6/44,1841-01-01 UTC--1944-06-01 UTC,37771
1/7/44,1841-01-01 UTC--1944-07-01 UTC,37801
1/8/44,1841-01-01 UTC--1944-08-01 UTC,37832
1/9/44,1841-01-01 UTC--1944-09-01 UTC,37863
1/10/44,1841-01-01 UTC--1944-10-01 UTC,37893
1/11/44,1841-01-01 UTC--1944-11-01 UTC,37924
1/12/44,1841-01-01 UTC--1944-12-01 UTC,37954
1/1/45,1841-01-01 UTC--1945-01-01 UTC,37985
1/2/45,1841-01-01 UTC--1945-02-01 UTC,38016
1/3/45,1841-01-01 UTC--1945-03-01 UTC,38044
1/4/45,1841-01-01 UTC--1945-04-01 UTC,38075
1/5/45,1841-01-01 UTC--1945-05-01 UTC,38105
1/6/45,1841-01-01 UTC--1945-06-01 UTC,38136
1/7/45,1841-01-01 UTC--1945-07-01 UTC,38166
1/8/45,1841-01-01 UTC--1945-08-01 UTC,38197
1/9/45,1841-01-01 UTC--1945-09-01 UTC,38228
1/10/45,1841-01-01 UTC--1945-10-01 UTC,38258
1/11/45,1841-01-01 UTC--1945-11-01 UTC,38289
1/12/45,1841-01-01 UTC--1945-12-01 UTC,38319
1/1/46,1841-01-01 UTC--1946-01-01 UTC,38350
1/2/46,1841-01-01 UTC--1946-02-01 UTC,38381
1/3/46,1841-01-01 UTC--1946-03-01 UTC,38409
1/4/46,1841-01-01 UTC--1946-04-01 UTC,38440
1/5/46,1841-01-01 UTC--1946-05-01 UTC,38470
1/6/46,1841-01-01 UTC--1946-06-01 UTC,38501
1/7/46,1841-01-01 UTC--1946-07-01 UTC,38531
1/8/46,1841-01-01 UTC--1946-08-01 UTC,38562
1/9/46,1841-01-01 UTC--1946-09-01 UTC,38593
1/10/46,1841-01-01 UTC--1946-10-01 UTC,38623
1/11/46,1841-01-01 UTC--1946-11-01 UTC,38654
1/12/46,1841-01-01 UTC--1946-12-01 UTC,38684
1/1/47,1841-01-01 UTC--1947-01-01 UTC,38715
1/2/47,1841-01-01 UTC--1947-02-01 UTC,38746
1/3/47,1841-01-01 UTC--1947-03-01 UTC,38774
1/4/47,1841-01-01 UTC--1947-04-01 UTC,38805
1/5/47,1841-01-01 UTC--1947-05-01 UTC,38835
1/6/47,1841-01-01 UTC--1947-06-01 UTC,38866
1/7/47,1841-01-01 UTC--1947-07-01 UTC,38896
1/8/47,1841-01-01 UTC--1947-08-01 UTC,38927
1/9/47,1841-01-01 UTC--1947-09-01 UTC,38958
1/10/47,1841-01-01 UTC--1947-10-01 UTC,38988
1/11/47,1841-01-01 UTC--1947-11-01 UTC,39019
1/12/47,1841-01-01 UTC--1947-12-01 UTC,39049
1/1/48,1841-01-01 UTC--1948-01-01 UTC,39080
1/2/48,1841-01-01 UTC--1948-02-01 UTC,39111
1/3/48,1841-01-01 UTC--1948-03-01 UTC,39140
1/4/48,1841-01-01 UTC--1948-04-01 UTC,39171
1/5/48,1841-01-01 UTC--1948-05-01 UTC,39201
1/6/48,1841-01-01 UTC--1948-06-01 UTC,39232
1/7/48,1841-01-01 UTC--1948-07-01 UTC,39262
1/8/48,1841-01-01 UTC--1948-08-01 UTC,39293
1/9/48,1841-01-01 UTC--1948-09-01 UTC,39324
1/10/48,1841-01-01 UTC--1948-10-01 UTC,39354
1/11/48,1841-01-01 UTC--1948-11-01 UTC,39385
1/12/48,1841-01-01 UTC--1948-12-01 UTC,39415
1/1/49,1841-01-01 UTC--1949-01-01 UTC,39446
1/2/49,1841-01-01 UTC--1949-02-01 UTC,39477
1/3/49,1841-01-01 UTC--1949-03-01 UTC,39505
1/4/49,1841-01-01 UTC--1949-04-01 UTC,39536
1/5/49,1841-01-01 UTC--1949-05-01 UTC,39566
1/6/49,1841-01-01 UTC--1949-06-01 UTC,39597
1/7/49,1841-01-01 UTC--1949-07-01 UTC,39627
1/8/49,1841-01-01 UTC--1949-08-01 UTC,39658
1/9/49,1841-01-01 UTC--1949-09-01 UTC,39689
1/10/49,1841-01-01 UTC--1949-10-01 UTC,39719
1/11/49,1841-01-01 UTC--1949-11-01 UTC,39750
1/12/49,1841-01-01 UTC--1949-12-01 UTC,39780
1/1/50,1841-01-01 UTC--1950-01-01 UTC,39811
1/2/50,1841-01-01 UTC--1950-02-01 UTC,39842
1/3/50,1841-01-01 UTC--1950-03-01 UTC,39870
1/4/50,1841-01-01 UTC--1950-04-01 UTC,39901
1/5/50,1841-01-01 UTC--1950-05-01 UTC,39931
1/6/50,1841-01-01 UTC--1950-06-01 UTC,39962
1/7/50,1841-01-01 UTC--1950-07-01 UTC,39992
1/8/50,1841-01-01 UTC--1950-08-01 UTC,40023
1/9/50,1841-01-01 UTC--1950-09-01 UTC,40054
1/10/50,1841-01-01 UTC--1950-10-01 UTC,40084
1/11/50,1841-01-01 UTC--1950-11-01 UTC,40115
1/12/50,1841-01-01 UTC--1950-12-01 UTC,40145
1/1/51,1841-01-01 UTC--1951-01-01 UTC,40176
1/2/51,1841-01-01 UTC--1951-02-01 UTC,40207
1/3/51,1841-01-01 UTC--1951-03-01 UTC,40235
1/4/51,1841-01-01 UTC--1951-04-01 UTC,40266
1/5/51,1841-01-01 UTC--1951-05-01 UTC,40296
1/6/51,1841-01-01 UTC--1951-06-01 UTC,40327
1/7/51,1841-01-01 UTC--1951-07-01 UTC,40357
1/8/51,1841-01-01 UTC--1951-08-01 UTC,40388
1/9/51,1841-01-01 UTC--1951-09-01 UTC,40419
1/10/51,1841-01-01 UTC--1951-10-01 UTC,40449
1/11/51,1841-01-01 UTC--1951-11-01 UTC,40480
1/12/51,1841-01-01 UTC--1951-12-01 UTC,40510
1/1/52,1841-01-01 UTC--1952-01-01 UTC,40541
1/2/52,1841-01-01 UTC--1952-02-01 UTC,40572
1/3/52,1841-01-01 UTC--1952-03-01 UTC,40601
1/4/52,1841-01-01 UTC--1952-04-01 UTC,40632
1/5/52,1841-01-01 UTC--1952-05-01 UTC,40662
1/6/52,1841-01-01 UTC--1952-06-01 UTC,40693
1/7/52,1841-01-01 UTC--1952-07-01 UTC,40723
1/8/52,1841-01-01 UTC--1952-08-01 UTC,40754
1/9/52,1841-01-01 UTC--1952-09-01 UTC,40785
1/10/52,1841-01-01 UTC--1952-10-01 UTC,40815
1/11/52,1841-01-01 UTC--1952-11-01 UTC,40846
1/12/52,1841-01-01 UTC--1952-12-01 UTC,40876
1/1/53,1841-01-01 UTC--1953-01-01 UTC,40907
1/2/53,1841-01-01 UTC--1953-02-01 UTC,40938
1/3/53,1841-01-01 UTC--1953-03-01 UTC,40966
1/4/53,1841-01-01 UTC--1953-04-01 UTC,40997
1/5/53,1841-01-01 UTC--1953-05-01 UTC,41027
1/6/53,1841-01-01 UTC--1953-06-01 UTC,41058
1/7/53,1841-01-01 UTC--1953-07-01 UTC,41088
1/8/53,1841-01-01 UTC--1953-08-01 UTC,41119
1/9/53,1841-01-01 UTC--1953-09-01 UTC,41150
1/10/53,1841-01-01 UTC--1953-10-01 UTC,41180
1/11/53,1841-01-01 UTC--1953-11-01 UTC,41211
1/12/53,1841-01-01 UTC--1953-12-01 UTC,41241
1/1/54,1841-01-01 UTC--1954-01-01 UTC,41272
1/2/54,1841-01-01 UTC--1954-02-01 UTC,41303
1/3/54,1841-01-01 UTC--1954-03-01 UTC,41331
1/4/54,1841-01-01 UTC--1954-04-01 UTC,41362
1/5/54,1841-01-01 UTC--1954-05-01 UTC,41392
1/6/54,1841-01-01 UTC--1954-06-01 UTC,41423
1/7/54,1841-01-01 UTC--1954-07-01 UTC,41453
1/8/54,1841-01-01 UTC--1954-08-01 UTC,41484
1/9/54,1841-01-01 UTC--1954-09-01 UTC,41515
1/10/54,1841-01-01 UTC--1954-10-01 UTC,41545
1/11/54,1841-01-01 UTC--1954-11-01 UTC,41576
1/12/54,1841-01-01 UTC--1954-12-01 UTC,41606
1/1/55,1841-01-01 UTC--1955-01-01 UTC,41637
1/2/55,1841-01-01 UTC--1955-02-01 UTC,41668
1/3/55,1841-01-01 UTC--1955-03-01 UTC,41696
1/4/55,1841-01-01 UTC--1955-04-01 UTC,41727
1/5/55,1841-01-01 UTC--1955-05-01 UTC,41757
1/6/55,1841-01-01 UTC--1955-06-01 UTC,41788
1/7/55,1841-01-01 UTC--1955-07-01 UTC,41818
1/8/55,1841-01-01 UTC--1955-08-01 UTC,41849
1/9/55,1841-01-01 UTC--1955-09-01 UTC,41880
1/10/55,1841-01-01 UTC--1955-10-01 UTC,41910
1/11/55,1841-01-01 UTC--1955-11-01 UTC,41941
1/12/55,1841-01-01 UTC--1955-12-01 UTC,41971
1/1/56,1841-01-01 UTC--1956-01-01 UTC,42002
1/2/56,1841-01-01 UTC--1956-02-01 UTC,42033
1/3/56,1841-01-01 UTC--1956-03-01 UTC,42062
1/4/56,1841-01-01 UTC--1956-04-01 UTC,42093
1/5/56,1841-01-01 UTC--1956-05-01 UTC,42123
1/6/56,1841-01-01 UTC--1956-06-01 UTC,42154
1/7/56,1841-01-01 UTC--1956-07-01 UTC,42184
1/8/56,1841-01-01 UTC--1956-08-01 UTC,42215
1/9/56,1841-01-01 UTC--1956-09-01 UTC,42246
1/10/56,1841-01-01 UTC--1956-10-01 UTC,42276
1/11/56,1841-01-01 UTC--1956-11-01 UTC,42307
1/12/56,1841-01-01 UTC--1956-12-01 UTC,42337
1/1/57,1841-01-01 UTC--1957-01-01 UTC,42368
1/2/57,1841-01-01 UTC--1957-02-01 UTC,42399
1/3/57,1841-01-01 UTC--1957-03-01 UTC,42427
1/4/57,1841-01-01 UTC--1957-04-01 UTC,42458
1/5/57,1841-01-01 UTC--1957-05-01 UTC,42488
1/6/57,1841-01-01 UTC--1957-06-01 UTC,42519
1/7/57,1841-01-01 UTC--1957-07-01 UTC,42549
1/8/57,1841-01-01 UTC--1957-08-01 UTC,42580
1/9/57,1841-01-01 UTC--1957-09-01 UTC,42611
1/10/57,1841-01-01 UTC--1957-10-01 UTC,42641
1/11/57,1841-01-01 UTC--1957-11-01 UTC,42672
1/12/57,1841-01-01 UTC--1957-12-01 UTC,42702
1/1/58,1841-01-01 UTC--1958-01-01 UTC,42733
1/2/58,1841-01-01 UTC--1958-02-01 UTC,42764
1/3/58,1841-01-01 UTC--1958-03-01 UTC,42792
1/4/58,1841-01-01 UTC--1958-04-01 UTC,42823
1/5/58,1841-01-01 UTC--1958-05-01 UTC,42853
1/6/58,1841-01-01 UTC--1958-06-01 UTC,42884
1/7/58,1841-01-01 UTC--1958-07-01 UTC,42914
1/8/58,1841-01-01 UTC--1958-08-01 UTC,42945
1/9/58,1841-01-01 UTC--1958-09-01 UTC,42976
1/10/58,1841-01-01 UTC--1958-10-01 UTC,43006
1/11/58,1841-01-01 UTC--1958-11-01 UTC,43037
1/12/58,1841-01-01 UTC--1958-12-01 UTC,43067
1/1/59,1841-01-01 UTC--1959-01-01 UTC,43098
1/2/59,1841-01-01 UTC--1959-02-01 UTC,43129
1/3/59,1841-01-01 UTC--1959-03-01 UTC,43157
1/4/59,1841-01-01 UTC--1959-04-01 UTC,43188
1/5/59,1841-01-01 UTC--1959-05-01 UTC,43218
1/6/59,1841-01-01 UTC--1959-06-01 UTC,43249
1/7/59,1841-01-01 UTC--1959-07-01 UTC,43279
1/8/59,1841-01-01 UTC--1959-08-01 UTC,43310
1/9/59,1841-01-01 UTC--1959-09-01 UTC,43341
1/10/59,1841-01-01 UTC--1959-10-01 UTC,43371
1/11/59,1841-01-01 UTC--1959-11-01 UTC,43402
1/12/59,1841-01-01 UTC--1959-12-01 UTC,43432
1/1/60,1841-01-01 UTC--1960-01-01 UTC,43463
1/2/60,1841-01-01 UTC--1960-02-01 UTC,43494
1/3/60,1841-01-01 UTC--1960-03-01 UTC,43523
1/4/60,1841-01-01 UTC--1960-04-01 UTC,43554
1/5/60,1841-01-01 UTC--1960-05-01 UTC,43584
1/6/60,1841-01-01 UTC--1960-06-01 UTC,43615
1/7/60,1841-01-01 UTC--1960-07-01 UTC,43645
1/8/60,1841-01-01 UTC--1960-08-01 UTC,43676
1/9/60,1841-01-01 UTC--1960-09-01 UTC,43707
1/10/60,1841-01-01 UTC--1960-10-01 UTC,43737
1/11/60,1841-01-01 UTC--1960-11-01 UTC,43768
1/12/60,1841-01-01 UTC--1960-12-01 UTC,43798